frame,delta_ms
0,3.700
1,16.700
2,16.600
3,16.700
4,16.800
5,16.600
6,16.600
7,16.800
8,16.600
9,16.800
10,16.500
11,16.700
12,16.700
13,16.600
14,16.600
15,16.800
16,16.500
17,16.800
18,16.800
19,16.600
20,16.700
21,16.600
22,16.700
23,16.700
24,16.600
25,16.700
26,16.600
27,16.500
28,16.800
29,16.800
30,16.500
31,16.700
32,16.800
33,16.500
34,16.700
35,16.700
36,16.700
37,16.600
38,16.700
39,16.500
40,16.700
41,16.700
42,16.700
43,16.800
44,16.600
45,16.700
46,16.700
47,16.600
48,16.700
49,16.700
50,16.700
51,16.600
52,16.600
53,16.700
54,16.700
55,16.600
56,16.800
57,16.700
58,16.600
59,16.700
60,16.500
61,16.800
62,16.500
63,16.700
64,16.800
65,16.500
66,16.700
67,16.800
68,16.600
69,16.700
70,16.700
71,16.600
72,16.600
73,16.700
74,16.700
75,16.800
76,16.600
77,16.500
78,16.800
79,16.700
80,16.700
81,16.700
82,16.600
83,16.600
84,16.600
85,16.700
86,16.900
87,16.500
88,16.800
89,16.600
90,16.600
91,16.700
92,16.700
93,16.600
94,16.600
95,16.700
96,16.600
97,16.800
98,16.700
99,16.500
100,16.600
101,16.700
102,16.800
103,16.700
104,16.600
105,16.800
106,16.500
107,16.700
108,16.700
109,16.700
110,16.600
111,16.700
112,16.800
113,16.600
114,16.700
115,16.600
116,16.600
117,16.600
118,16.700
119,16.700
120,16.600
121,16.800
122,16.600
123,16.700
124,16.700
125,16.600
126,16.700
127,16.700
128,16.700
129,16.600
130,16.700
131,16.700
132,17.200
133,16.000
134,16.700
135,16.700
136,16.600
137,16.700
138,16.600
139,16.700
140,16.800
141,16.600
142,16.700
143,16.700
144,16.700
145,16.500
146,16.700
147,16.700
148,16.800
149,16.600
150,16.700
151,16.500
152,16.800
153,16.600
154,16.800
155,16.500
156,16.700
157,16.600
158,16.800
159,16.600
160,16.600
161,16.900
162,16.500
163,16.700
164,16.600
165,16.700
166,16.700
167,16.700
168,16.800
169,16.600
170,16.600
171,16.600
172,16.700
173,16.700
174,16.600
175,16.800
176,16.600
177,16.700
178,16.600
179,16.800
180,16.700
181,16.600
182,16.500
183,16.900
184,16.500
185,16.700
186,16.600
187,16.700
188,16.600
189,16.700
190,16.800
191,16.600
192,16.800
193,16.800
194,16.400
195,16.700
196,16.700
197,16.500
198,16.800
199,16.600
200,16.700
201,16.700
202,16.600
203,16.700
204,16.800
205,16.600
206,16.600
207,16.700
208,16.700
209,16.700
210,16.700
211,16.700
212,16.500
213,16.700
214,16.800
215,16.500
216,16.800
217,16.700
218,16.600
219,16.600
220,16.700
221,16.600
222,16.700
223,16.500
224,16.800
225,16.600
226,16.900
227,16.500
228,16.700
229,16.700
230,16.600
231,16.800
232,16.600
233,16.600
234,16.700
235,16.700
236,16.600
237,16.700
238,16.700
239,16.500
240,16.700
241,16.700
242,16.600
243,16.700
244,16.800
245,16.600
246,16.700
247,16.600
248,16.700
249,16.600
250,16.700
251,16.700
252,16.700
253,16.700
254,16.600
255,16.700
256,16.600
257,16.700
258,16.700
259,16.700
260,16.600
261,16.800
262,16.500
263,16.700
264,16.700
265,16.700
266,16.600
267,16.700
268,16.700
269,16.500
270,16.800
271,16.700
272,16.500
273,16.800
274,16.600
275,16.800
276,16.600
277,16.600
278,16.800
279,16.500
280,16.700
281,16.900
282,16.400
283,17.000
284,16.500
285,16.600
286,16.600
287,16.700
288,16.700
289,16.700
290,16.600
291,16.600
292,16.700
293,16.800
294,16.500
295,16.800
296,16.600
297,16.800
298,16.600
299,16.700
300,16.600
301,16.700
302,16.600
303,16.700
304,16.600
305,16.800
306,16.600
307,16.700
308,16.600
309,16.800
310,16.700
311,16.500
312,16.600
313,16.700
314,16.800
315,16.600
316,16.700
317,16.700
318,16.600
319,16.700
320,16.600
321,16.700
322,16.700
323,16.700
324,16.600
325,16.700
326,16.700
327,16.600
328,16.700
329,16.600
330,16.700
331,16.700
332,16.600
333,16.700
334,16.700
335,16.700
336,16.600
337,16.700
338,16.700
339,16.800
340,16.400
341,16.800
342,16.600
343,16.700
344,16.700
345,16.700
346,16.700
347,16.600
348,16.600
349,16.700
350,16.700
351,16.600
352,16.700
353,16.600
354,16.700
355,16.600
356,16.800
357,16.600
358,16.700
359,16.700
360,16.600
361,16.700
362,16.700
363,16.700
364,16.500
365,16.900
366,16.600
367,16.600
368,16.700
369,16.600
370,16.700
371,16.700
372,16.600
373,16.700
374,16.700
375,16.700
376,16.700
377,16.800
378,16.500
379,16.700
380,16.800
381,16.600
382,16.600
383,16.600
384,16.800
385,16.500
386,16.800
387,16.600
388,16.600
389,16.700
390,16.700
391,16.600
392,16.700
393,16.700
394,16.700
395,16.600
396,16.600
397,16.800
398,16.500
399,16.800
400,16.600
401,16.700
402,16.700
403,16.600
404,16.700
405,16.800
406,16.500
407,16.700
408,16.700
409,16.600
410,16.700
411,16.600
412,16.800
413,16.600
414,16.600
415,16.700
416,16.700
417,17.000
418,16.300
419,16.800
420,16.600
421,16.600
422,16.900
423,16.400
424,16.800
425,16.700
426,16.700
427,16.600
428,16.600
429,16.900
430,16.500
431,16.700
432,16.600
433,16.800
434,16.700
435,16.400
436,16.700
437,16.900
438,16.400
439,16.700
440,16.700
441,16.700
442,16.600
443,16.700
444,16.600
445,16.700
446,16.700
447,16.700
448,16.700
449,16.700
450,16.600
451,16.700
452,16.700
453,16.700
454,16.700
455,16.700
456,16.600
457,16.600
458,16.600
459,16.800
460,16.600
461,16.700
462,16.600
463,16.700
464,16.600
465,16.800
466,16.600
467,16.700
468,16.700
469,16.600
470,16.700
471,16.600
472,16.600
473,16.800
474,16.600
475,16.700
476,16.600
477,16.600
478,16.800
479,16.600
480,16.800
481,16.600
482,16.600
483,16.600
484,16.800
485,16.700
486,16.700
487,16.600
488,16.600
489,16.800
490,16.500
491,16.700
492,16.700
493,16.800
494,16.700
495,16.700
496,16.400
497,16.800
498,16.800
499,16.600
500,16.700
501,16.600
502,16.700
503,16.700
504,16.600
505,16.700
506,16.700
507,16.700
508,16.700
509,16.600
510,16.700
511,16.400
512,16.700
513,16.700
514,16.700
515,16.600
516,16.900
517,16.500
518,16.800
519,16.700
520,16.700
521,16.700
522,16.700
523,16.700
524,16.500
525,16.600
526,16.600
527,16.700
528,16.800
529,16.600
530,16.600
531,16.700
532,16.600
533,16.700
534,16.600
535,16.900
536,16.600
537,16.600
538,16.600
539,16.800
540,16.700
541,16.500
542,16.700
543,16.600
544,16.800
545,16.600
546,16.800
547,16.600
548,16.700
549,16.700
550,16.700
551,16.600
552,16.600
553,16.700
554,16.900
555,16.500
556,16.600
557,16.700
558,16.600
559,16.800
560,16.500
561,16.800
562,16.900
563,16.400
564,16.800
565,16.500
566,16.700
567,16.600
568,16.700
569,16.700
570,16.600
571,16.800
572,16.500
573,16.800
574,16.500
575,16.700
576,16.700
577,16.700
578,16.600
579,16.700
580,16.800
581,16.500
582,16.800
583,16.700
584,16.600
585,16.600
586,16.900
587,16.400
588,16.700
589,16.600
590,16.800
591,16.700
592,16.600
593,16.700
594,16.700
595,16.600
596,16.600
597,16.700
598,16.800
599,16.500
600,16.800
601,16.600
602,16.700
603,16.600
604,16.800
605,16.600
606,16.700
607,16.500
608,16.900
609,16.600
610,16.600
611,16.700
612,16.500
613,16.900
614,16.600
615,16.800
616,16.600
617,16.600
618,16.500
619,16.900
620,16.700
621,16.600
622,16.700
623,16.500
624,16.800
625,16.700
626,16.600
627,16.600
628,16.700
629,16.700
630,16.600
631,16.700
632,16.700
633,16.700
634,16.500
635,16.700
636,16.800
637,16.500
638,16.900
639,16.600
640,16.600
641,16.700
642,16.700
643,16.600
644,16.700
645,16.800
646,16.600
647,16.500
648,16.900
649,16.500
650,16.600
651,16.800
652,16.700
653,16.700
654,16.600
655,16.800
656,16.600
657,16.600
658,16.700
659,16.600
660,16.700
661,16.700
662,16.500
663,16.800
664,16.600
665,16.800
666,16.600
667,16.700
668,16.700
669,16.600
670,16.600
671,16.700
672,16.800
673,16.600
674,16.600
675,16.800
676,16.600
677,16.600
678,16.700
679,16.800
680,16.600
681,16.700
682,16.500
683,16.800
684,16.600
685,16.700
686,16.700
687,16.700
688,16.600
689,16.700
690,16.500
691,16.700
692,16.800
693,16.600
694,16.700
695,16.600
696,16.900
697,16.600
698,16.500
699,16.800
700,16.600
701,16.600
702,16.600
703,16.700
704,16.700
705,16.800
706,16.800
707,16.400
708,16.700
709,16.600
710,16.800
711,16.600
712,16.700
713,16.800
714,16.700
715,16.600
716,16.600
717,16.700
718,16.500
719,16.700
720,16.900
721,16.500
722,16.600
723,16.700
724,16.600
725,16.700
726,16.700
727,16.700
728,16.600
729,16.700
730,16.800
731,16.600
732,16.600
733,16.800
734,16.700
735,16.700
736,16.600
737,16.600
738,16.600
739,16.600
740,16.800
741,16.800
742,16.700
743,16.500
744,16.600
745,16.600
746,16.700
747,16.800
748,16.700
749,16.600
750,16.600
751,16.800
752,16.500
753,16.700
754,16.700
755,16.700
756,16.700
757,16.600
758,16.700
759,16.600
760,16.600
761,16.800
762,16.600
763,16.700
764,16.700
765,16.700
766,16.700
767,16.600
768,16.600
769,16.800
770,16.700
771,16.600
772,16.600
773,16.700
774,16.700
775,16.700
776,16.500
777,16.700
778,16.700
779,16.700
780,16.700
781,16.600
782,16.700
783,16.600
784,16.800
785,16.600
786,16.700
787,16.900
788,16.500
789,16.800
790,16.500
791,16.700
792,16.600
793,16.600
794,16.700
795,16.700
796,16.700
797,16.600
798,16.700
799,16.700
800,16.700
801,16.600
802,16.700
803,16.700
804,16.600
805,16.700
806,16.500
807,16.800
808,16.700
809,16.700
810,16.600
811,16.700
812,16.700
813,16.600
814,16.700
815,16.700
816,16.600
817,16.700
818,16.700
819,16.700
820,16.600
821,16.500
822,16.900
823,16.600
824,16.600
825,16.700
826,16.800
827,16.600
828,16.600
829,16.600
830,16.800
831,16.600
832,16.700
833,16.600
834,16.800
835,16.600
836,16.600
837,16.800
838,16.600
839,16.600
840,16.800
841,16.600
842,16.600
843,16.700
844,16.800
845,16.600
846,16.800
847,16.500
848,16.700
849,16.700
850,16.600
851,16.600
852,16.800
853,16.700
854,16.600
855,16.600
856,16.700
857,16.700
858,16.700
859,16.600
860,16.700
861,16.500
862,16.800
863,16.700
864,16.700
865,16.600
866,16.600
867,16.700
868,16.700
869,16.600
870,16.700
871,16.700
872,16.600
873,16.700
874,16.600
875,16.900
876,16.600
877,16.600
878,16.700
879,16.700
880,16.600
881,16.700
882,16.600
883,16.700
884,16.600
885,16.800
886,16.700
887,16.600
888,16.700
889,16.600
890,16.600
891,16.800
892,16.700
893,16.600
894,16.700
895,16.600
896,16.700
897,16.700
898,16.700
899,16.700
900,16.600
901,16.700
902,16.700
903,16.700
904,16.600
905,16.600
906,16.800
907,16.500
908,16.700
909,16.700
910,16.600
911,16.800
912,16.600
913,16.600
914,16.600
915,16.800
916,16.600
917,16.900
918,16.500
919,16.700
920,16.600
921,16.700
922,16.700
923,16.600
924,16.700
925,16.700
926,16.500
927,16.700
928,16.700
929,16.800
930,16.700
931,16.600
932,16.600
933,16.600
934,16.700
935,16.600
936,16.800
937,16.700
938,16.700
939,16.600
940,16.700
941,16.600
942,16.700
943,16.600
944,16.800
945,16.600
946,16.700
947,16.600
948,16.700
949,16.700
950,16.700
951,16.600
952,16.700
953,16.600
954,16.800
955,16.500
956,16.600
957,16.800
958,16.700
959,16.700
960,16.600
961,16.800
962,16.500
963,16.700
964,16.600
965,16.700
966,16.600
967,16.700
968,16.700
969,16.700
970,16.600
971,16.700
972,16.700
973,16.600
974,16.800
975,16.600
976,16.700
977,16.700
978,16.600
979,16.600
980,16.700
981,16.700
982,16.600
983,16.700
984,16.700
985,16.600
986,16.800
987,16.600
988,16.600
989,16.800
990,16.600
991,16.700
992,16.600
993,16.700
994,16.700
995,16.600
996,16.600
997,16.700
998,16.700
999,16.800
1000,16.600
1001,16.600
1002,16.700
1003,16.700
1004,16.700
1005,16.600
1006,16.600
1007,16.700
1008,16.700
1009,16.700
1010,16.600
1011,16.700
1012,16.700
1013,16.700
1014,16.600
1015,16.600
1016,16.700
1017,16.700
1018,16.700
1019,16.600
1020,16.700
1021,16.600
1022,16.800
1023,16.600
1024,16.700
1025,16.600
1026,16.800
1027,16.500
1028,16.700
1029,16.700
1030,16.700
1031,16.600
1032,16.700
1033,16.600
1034,16.800
1035,16.700
1036,16.700
1037,16.800
1038,16.700
1039,16.500
1040,16.500
1041,16.800
1042,16.700
1043,16.700
1044,16.500
1045,16.800
1046,16.700
1047,16.600
1048,16.600
1049,16.700
1050,16.600
1051,16.800
1052,16.600
1053,16.600
1054,16.700
1055,16.800
1056,16.600
1057,16.600
1058,16.600
1059,16.800
1060,16.600
1061,16.700
1062,16.700
1063,16.700
1064,16.700
1065,16.600
1066,16.700
1067,16.600
1068,16.600
1069,16.800
1070,16.600
1071,16.700
1072,16.700
1073,16.500
1074,16.800
1075,16.700
1076,16.600
1077,16.700
1078,16.600
1079,16.600
1080,16.800
1081,16.800
1082,16.500
1083,16.700
1084,16.700
1085,16.700
1086,16.600
1087,16.700
1088,16.700
1089,16.700
1090,16.600
1091,16.600
1092,16.700
1093,16.500
1094,16.700
1095,16.800
1096,16.600
1097,16.800
1098,16.600
1099,16.800
1100,16.600
1101,16.600
1102,16.600
1103,16.800
1104,16.600
1105,16.700
1106,16.700
1107,16.800
1108,16.400
1109,16.800
1110,16.600
1111,16.700
1112,16.600
1113,16.800
1114,16.600
1115,16.700
1116,16.700
1117,16.600
1118,16.600
1119,16.600
1120,16.800
1121,16.700
1122,16.600
1123,16.700
1124,16.700
1125,16.500
1126,16.800
1127,16.600
1128,16.600
1129,16.800
1130,16.700
1131,16.700
1132,16.600
1133,16.700
1134,16.500
1135,16.700
1136,16.900
1137,16.500
1138,16.800
1139,16.700
1140,16.500
1141,16.600
1142,16.900
1143,16.500
1144,16.800
1145,16.600
1146,16.800
1147,16.400
1148,16.700
1149,16.800
1150,16.500
1151,16.800
1152,16.500
1153,16.800
1154,16.600
1155,16.700
1156,16.700
1157,16.700
1158,16.800
1159,16.600
1160,16.700
1161,16.700
1162,16.600
1163,16.600
1164,16.600
1165,16.800
1166,16.600
1167,16.500
1168,16.700
1169,16.700
1170,16.800
1171,16.700
1172,16.600
1173,16.600
1174,16.700
1175,16.700
1176,16.600
1177,16.800
1178,16.600
1179,16.700
1180,16.600
1181,16.600
1182,16.800
1183,16.600
1184,16.700
1185,16.600
1186,16.900
1187,16.500
1188,16.700
1189,16.600
1190,16.600
1191,16.800
1192,16.700
1193,16.600
1194,16.800
1195,16.600
1196,16.600
1197,16.700
1198,16.700
1199,16.500
1200,16.700
1201,16.700
1202,16.700
1203,16.800
1204,16.500
1205,16.800
1206,16.700
1207,16.600
1208,16.600
1209,16.800
1210,16.500
1211,16.600
1212,16.900
1213,16.500
1214,16.700
1215,16.800
1216,16.500
1217,16.700
1218,16.600
1219,16.700
1220,16.600
1221,16.800
1222,16.700
1223,16.700
1224,16.700
1225,16.600
1226,16.500
1227,16.800
1228,16.800
1229,16.600
1230,16.700
1231,16.700
1232,16.700
1233,16.600
1234,16.600
1235,16.600
1236,16.700
1237,16.600
1238,16.800
1239,16.500
1240,16.700
1241,16.600
1242,16.700
1243,16.800
1244,16.700
1245,16.600
1246,16.700
1247,16.700
1248,16.800
1249,16.400
1250,16.700
1251,16.700
1252,16.600
1253,16.800
1254,16.700
1255,16.600
1256,16.600
1257,16.900
1258,16.600
1259,16.700
1260,16.500
1261,16.700
1262,16.600
1263,16.700
1264,16.700
1265,16.600
1266,16.700
1267,16.700
1268,16.600
1269,16.700
1270,16.700
1271,16.500
1272,16.800
1273,16.700
1274,16.800
1275,16.400
1276,16.700
1277,16.700
1278,16.700
1279,16.700
1280,16.600
1281,16.700
1282,16.600
1283,16.700
1284,16.700
1285,16.800
1286,16.500
1287,16.700
1288,16.700
1289,16.700
1290,16.600
1291,16.700
1292,16.600
1293,16.700
1294,16.700
1295,17.000
1296,16.300
1297,16.800
1298,16.600
1299,16.500
1300,16.800
1301,16.600
1302,16.900
1303,16.500
1304,16.700
1305,16.500
1306,16.700
1307,16.800
1308,16.600
1309,16.900
1310,16.400
1311,16.800
1312,16.700
1313,16.600
1314,16.700
1315,16.800
1316,16.600
1317,16.500
1318,16.900
1319,16.600
1320,16.500
1321,16.800
1322,16.700
1323,16.700
1324,16.700
1325,16.500
1326,16.700
1327,16.700
1328,16.500
1329,16.600
1330,16.900
1331,16.700
1332,16.600
1333,16.600
1334,16.600
1335,16.700
1336,16.600
1337,16.800
1338,16.600
1339,16.700
1340,16.600
1341,16.800
1342,16.600
1343,16.700
1344,16.600
1345,17.000
1346,16.400
1347,16.600
1348,16.700
1349,16.700
1350,16.700
1351,16.700
1352,16.800
1353,16.500
1354,16.700
1355,16.600
1356,16.800
1357,16.500
1358,16.600
1359,16.800
1360,16.600
1361,16.600
1362,16.700
1363,16.700
1364,16.700
1365,16.600
1366,16.800
1367,16.600
1368,16.600
1369,16.700
1370,16.700
1371,16.700
1372,16.700
1373,16.600
1374,16.800
1375,16.700
1376,16.500
1377,16.800
1378,16.700
1379,16.500
1380,16.600
1381,16.800
1382,16.600
1383,16.700
1384,16.700
1385,16.700
1386,16.500
1387,16.600
1388,16.700
1389,16.700
1390,16.700
1391,16.900
1392,16.700
1393,16.500
1394,16.600
1395,16.800
1396,16.700
1397,16.500
1398,16.800
1399,16.600
1400,16.600
1401,16.700
1402,16.800
1403,16.700
1404,16.600
1405,16.700
1406,16.600
1407,16.900
1408,16.500
1409,16.700
1410,16.500
1411,16.700
1412,16.600
1413,16.700
1414,16.700
1415,16.600
1416,16.700
1417,16.900
1418,16.300
1419,16.800
1420,16.700
1421,16.600
1422,16.800
1423,16.600
1424,16.700
1425,16.600
1426,16.600
1427,16.800
1428,16.700
1429,16.700
1430,16.600
1431,16.700
1432,16.600
1433,16.600
1434,16.800
1435,16.600
1436,16.700
1437,16.600
1438,16.700
1439,16.700
1440,16.600
1441,16.600
1442,16.800
1443,16.600
1444,16.700
1445,16.800
1446,16.700
1447,16.600
1448,16.700
1449,16.700
1450,16.600
1451,16.600
1452,16.700
1453,16.700
1454,16.500
1455,16.700
1456,16.700
1457,16.700
1458,16.800
1459,16.500
1460,16.600
1461,16.700
1462,16.800
1463,16.500
1464,16.800
1465,16.700
1466,16.600
1467,16.700
1468,16.700
1469,16.700
1470,16.800
1471,16.400
1472,16.700
1473,16.600
1474,16.700
1475,16.700
1476,16.600
1477,16.700
1478,16.700
1479,16.600
1480,16.800
1481,16.600
1482,16.700
1483,16.500
1484,16.900
1485,16.500
1486,16.700
1487,16.600
1488,16.800
1489,16.500
1490,16.800
1491,16.700
1492,16.600
1493,16.800
1494,16.600
1495,16.600
1496,16.700
1497,16.800
1498,16.600
1499,16.600
1500,16.700
1501,16.600
1502,16.700
1503,16.800
1504,16.600
1505,16.600
1506,16.700
1507,16.700
1508,16.700
1509,16.700
1510,16.600
1511,16.600
1512,16.700
1513,16.800
1514,16.500
1515,16.800
1516,16.500
1517,16.700
1518,16.600
1519,16.700
1520,16.800
1521,16.600
1522,16.700
1523,16.600
1524,16.700
1525,16.600
1526,16.900
1527,16.500
1528,16.700
1529,16.800
1530,16.700
1531,16.500
1532,16.700
1533,16.600
1534,16.800
1535,16.700
1536,16.700
1537,16.500
1538,16.700
1539,16.700
1540,16.600
1541,16.700
1542,16.700
1543,16.500
1544,17.000
1545,16.300
1546,16.800
1547,16.600
1548,16.700
1549,16.600
1550,16.900
1551,16.500
1552,16.800
1553,16.400
1554,16.800
1555,16.700
1556,16.700
1557,16.600
1558,16.800
1559,16.600
1560,16.500
1561,16.700
1562,16.600
1563,16.800
1564,16.700
1565,16.700
1566,16.900
1567,16.300
1568,16.700
1569,16.700
1570,16.600
1571,16.800
1572,16.500
1573,16.800
1574,16.700
1575,16.700
1576,16.500
1577,16.700
1578,16.800
1579,16.600
1580,16.800
1581,16.600
1582,16.600
1583,16.800
1584,16.700
1585,16.600
1586,16.500
1587,16.700
1588,16.700
1589,16.600
1590,16.700
1591,16.700
1592,16.600
1593,16.700
1594,16.700
1595,16.700
1596,16.800
1597,16.600
1598,16.700
1599,16.600
1600,16.600
1601,16.600
1602,16.700
1603,16.700
1604,16.700
1605,16.600
1606,16.600
1607,16.800
1608,16.600
1609,16.800
1610,16.700
1611,16.700
1612,16.500
1613,16.800
1614,16.500
1615,16.800
1616,16.600
1617,16.800
1618,16.500
1619,16.800
1620,16.500
1621,16.700
1622,16.600
1623,16.700
1624,16.600
1625,16.800
1626,16.700
1627,16.600
1628,16.600
1629,16.700
1630,16.700
1631,16.700
1632,16.600
1633,16.700
1634,16.600
1635,16.800
1636,16.500
1637,16.700
1638,16.700
1639,16.700
1640,16.700
1641,16.700
1642,16.600
1643,16.600
1644,16.800
1645,16.600
1646,16.700
1647,16.700
1648,16.600
1649,16.700
1650,16.700
1651,16.500
1652,16.800
1653,16.700
1654,16.600
1655,16.700
1656,16.600
1657,16.700
1658,16.700
1659,16.600
1660,16.800
1661,16.600
1662,16.600
1663,16.800
1664,16.500
1665,16.700
1666,16.700
1667,16.700
1668,16.700
1669,16.600
1670,16.700
1671,16.700
1672,16.700
1673,16.500
1674,16.800
1675,16.600
1676,16.700
1677,16.600
1678,16.700
1679,16.800
1680,16.500
1681,16.700
1682,16.700
1683,16.600
1684,16.800
1685,16.600
1686,16.700
1687,16.600
1688,16.700
1689,16.600
1690,16.800
1691,16.600
1692,16.600
1693,16.600
1694,16.900
1695,16.600
1696,16.700
1697,16.700
1698,16.600
1699,16.600
1700,16.700
1701,16.600
1702,16.800
1703,16.700
1704,16.500
1705,16.700
1706,17.000
1707,16.500
1708,16.600
1709,16.500
1710,16.900
1711,16.500
1712,16.800
1713,16.600
1714,16.700
1715,16.700
1716,16.700
1717,16.600
1718,16.700
1719,16.700
1720,16.500
1721,16.700
1722,16.700
1723,16.600
1724,16.700
1725,16.600
1726,16.800
1727,16.600
1728,16.700
1729,16.700
1730,16.600
1731,16.700
1732,16.800
1733,16.600
1734,16.600
1735,16.700
1736,16.600
1737,16.700
1738,16.700
1739,16.700
1740,16.500
1741,16.800
1742,16.600
1743,16.700
1744,16.700
1745,16.800
1746,16.500
1747,16.800
1748,16.700
1749,16.600
1750,16.600
1751,16.600
1752,16.800
1753,16.500
1754,16.800
1755,16.500
1756,16.700
1757,16.800
1758,16.700
1759,16.800
1760,16.500
1761,16.600
1762,16.600
1763,16.800
1764,16.700
1765,16.600
1766,16.700
1767,16.600
1768,16.700
1769,16.600
1770,16.700
1771,16.600
1772,16.800
1773,16.700
1774,16.600
1775,16.600
1776,16.700
1777,16.800
1778,16.600
1779,16.600
1780,16.600
1781,16.700
1782,16.800
1783,16.500
1784,16.800
1785,16.600
1786,16.600
1787,16.700
1788,16.900
1789,16.400
1790,16.800
1791,16.700
1792,16.500
1793,16.800
1794,16.600
1795,16.700
1796,16.600
1797,16.800
1798,16.600
1799,16.800
1800,16.600
1801,16.600
1802,16.800
1803,16.600
1804,16.600
1805,16.800
1806,16.700
1807,16.600
1808,16.800
1809,16.600
1810,16.700
1811,16.700
1812,16.600
1813,16.600
1814,16.600
1815,16.600
1816,16.700
1817,16.700
1818,16.600
1819,16.700
1820,16.700
1821,16.600
1822,16.700
1823,16.800
1824,16.600
1825,16.500
1826,16.700
1827,16.900
1828,16.500
1829,16.600
1830,16.700
1831,16.700
1832,16.700
1833,16.700
1834,16.700
1835,16.600
1836,16.600
1837,16.700
1838,16.700
1839,16.700
1840,16.600
1841,16.700
1842,16.600
1843,16.700
1844,16.700
1845,16.600
1846,16.700
1847,16.700
1848,16.600
1849,16.700
1850,16.600
1851,16.800
1852,16.600
1853,16.700
1854,16.700
1855,16.600
1856,16.700
1857,16.700
1858,16.800
1859,16.600
1860,16.500
1861,16.700
1862,16.700
1863,17.400
1864,15.900
1865,16.800
1866,16.600
1867,16.600
1868,16.800
1869,16.600
1870,16.700
1871,16.600
1872,16.700
1873,16.700
1874,16.600
1875,16.700
1876,16.700
1877,16.600
1878,16.700
1879,16.700
1880,16.600
1881,16.700
1882,16.600
1883,16.700
1884,16.700
1885,16.700
1886,16.800
1887,16.500
1888,16.800
1889,16.600
1890,16.700
1891,16.500
1892,16.700
1893,16.800
1894,16.600
1895,16.700
1896,16.600
1897,16.700
1898,16.700
1899,16.600
1900,16.700
1901,16.700
1902,16.700
1903,16.700
1904,16.500
1905,16.800
1906,16.700
1907,16.700
1908,16.600
1909,16.700
1910,16.600
1911,16.700
1912,16.600
1913,16.900
1914,16.400
1915,16.800
1916,16.700
1917,16.500
1918,16.700
1919,16.700
1920,16.700
1921,16.700
1922,16.600
1923,16.700
1924,16.600
1925,16.700
1926,16.700
1927,16.700
1928,16.700
1929,16.600
1930,16.600
1931,16.700
1932,16.700
1933,16.600
1934,16.700
1935,16.600
1936,16.700
1937,16.700
1938,16.600
1939,16.800
1940,16.600
1941,16.700
1942,16.700
1943,16.500
1944,16.800
1945,16.600
1946,16.700
1947,16.600
1948,16.700
1949,16.700
1950,16.600
1951,16.700
1952,16.700
1953,16.600
1954,16.700
1955,16.700
1956,16.700
1957,16.600
1958,16.600
1959,16.900
1960,16.500
1961,16.700
1962,16.600
1963,16.800
1964,16.700
1965,16.700
1966,16.500
1967,16.600
1968,16.800
1969,16.600
1970,16.700
1971,16.800
1972,16.500
1973,16.800
1974,16.600
1975,16.700
1976,16.600
1977,16.800
1978,16.500
1979,16.700
1980,16.700
1981,16.600
1982,17.000
1983,16.400
1984,16.600
1985,16.700
1986,16.700
1987,16.800
1988,16.500
1989,16.800
1990,16.600
1991,16.700
1992,16.800
1993,16.500
1994,16.700
1995,16.600
1996,16.700
1997,16.600
1998,16.700
1999,16.900
2000,16.400
2001,16.600
2002,16.800
2003,16.700
2004,16.600
2005,16.700
2006,16.700
2007,16.600
2008,16.700
2009,16.600
2010,16.600
2011,16.700
2012,16.800
2013,16.600
2014,16.700
2015,16.700
2016,16.600
2017,16.800
2018,16.700
2019,16.700
2020,16.600
2021,16.700
2022,16.700
2023,16.600
2024,16.600
2025,16.800
2026,16.400
2027,16.800
2028,16.500
2029,16.900
2030,16.500
2031,16.900
2032,16.500
2033,16.700
2034,16.700
2035,16.600
2036,16.700
2037,16.700
2038,16.700
2039,16.900
2040,16.500
2041,16.800
2042,16.400
2043,16.700
2044,16.600
2045,16.600
2046,16.700
2047,16.700
2048,16.600
2049,16.700
2050,16.700
2051,16.600
2052,16.800
2053,16.700
2054,16.600
2055,16.500
2056,16.700
2057,16.900
2058,16.600
2059,16.600
2060,16.700
2061,16.700
2062,16.600
2063,16.800
2064,16.600
2065,16.600
2066,16.800
2067,16.600
2068,16.700
2069,16.600
2070,16.600
2071,16.700
2072,16.700
2073,16.600
2074,16.700
2075,16.800
2076,16.600
2077,16.600
2078,16.800
2079,16.600
2080,16.500
2081,16.900
2082,16.700
2083,16.500
2084,16.700
2085,16.700
2086,16.900
2087,16.500
2088,16.800
2089,16.400
2090,16.700
2091,16.700
2092,16.600
2093,16.800
2094,16.500
2095,16.800
2096,16.700
2097,16.800
2098,16.500
2099,16.800
2100,16.700
2101,16.600
2102,16.500
2103,16.700
2104,16.700
2105,16.500
2106,16.700
2107,16.800
2108,16.600
2109,18.100
2110,15.200
2111,16.800
2112,16.700
2113,16.600
2114,16.600
2115,16.700
2116,16.600
2117,16.800
2118,16.600
2119,16.700
2120,16.700
2121,16.800
2122,16.400
2123,16.800
2124,16.700
2125,16.600
2126,16.600
2127,16.700
2128,16.700
2129,16.800
2130,16.500
2131,16.600
2132,16.800
2133,16.500
2134,16.700
2135,16.800
2136,16.700
2137,16.700
2138,16.600
2139,16.600
2140,16.700
2141,16.600
2142,16.700
2143,16.800
2144,16.500
2145,16.600
2146,16.800
2147,16.700
2148,16.600
2149,16.700
2150,16.600
2151,16.800
2152,16.600
2153,16.600
2154,16.800
2155,16.700
2156,16.700
2157,16.700
2158,16.600
2159,16.600
2160,16.800
2161,16.600
2162,16.700
2163,16.600
2164,16.700
2165,16.400
2166,16.900
2167,16.600
2168,16.700
2169,16.700
2170,16.600
2171,16.700
2172,16.600
2173,16.600
2174,16.800
2175,16.600
2176,16.700
2177,16.700
2178,16.700
2179,16.700
2180,16.600
2181,16.600
2182,16.700
2183,16.600
2184,16.700
2185,16.700
2186,16.700
2187,16.600
2188,16.700
2189,16.800
2190,16.500
2191,16.900
2192,16.600
2193,16.600
2194,16.700
2195,16.600
2196,16.700
2197,16.600
2198,16.700
2199,16.600
2200,16.700
2201,16.700
2202,16.900
2203,16.500
2204,16.500
2205,16.800
2206,16.700
2207,16.600
2208,16.700
2209,16.800
2210,16.600
2211,16.700
2212,16.700
2213,16.700
2214,17.100
2215,16.100
2216,16.700
2217,16.700
2218,16.500
2219,16.800
2220,17.000
2221,16.300
2222,16.700
2223,16.800
2224,16.500
2225,16.700
2226,16.500
2227,16.700
2228,16.800
2229,16.600
2230,16.600
2231,16.800
2232,16.600
2233,16.800
2234,16.500
2235,16.800
2236,16.500
2237,16.700
2238,16.600
2239,16.800
2240,16.700
2241,16.600
2242,16.700
2243,16.600
2244,16.600
2245,16.800
2246,16.700
2247,16.700
2248,16.600
2249,16.600
2250,16.700
2251,16.500
2252,16.800
2253,16.700
2254,16.700
2255,16.600
2256,16.700
2257,16.700
2258,16.700
2259,16.500
2260,16.800
2261,16.800
2262,16.600
2263,16.600
2264,16.900
2265,16.300
2266,16.800
2267,16.700
2268,16.600
2269,16.800
2270,16.600
2271,16.600
2272,16.800
2273,16.600
2274,16.600
2275,16.600
2276,16.800
2277,16.700
2278,16.500
2279,16.800
2280,16.500
2281,16.800
2282,16.800
2283,16.500
2284,16.600
2285,16.800
2286,16.600
2287,16.600
2288,16.700
2289,16.700
2290,16.700
2291,16.600
2292,16.700
2293,16.700
2294,16.600
2295,16.700
2296,16.800
2297,16.600
2298,16.600
2299,16.700
2300,16.700
2301,16.700
2302,16.600
2303,16.700
2304,16.600
2305,16.700
2306,16.700
2307,16.600
2308,16.700
2309,16.600
2310,16.600
2311,17.100
2312,16.300
2313,16.700
2314,16.600
2315,16.800
2316,16.800
2317,16.500
2318,16.700
2319,16.700
2320,16.500
2321,16.900
2322,16.600
2323,16.600
2324,16.800
2325,16.600
2326,16.700
2327,16.600
2328,16.800
2329,16.600
2330,16.500
2331,16.900
2332,16.600
2333,16.700
2334,16.600
2335,16.600
2336,16.800
2337,16.700
2338,16.600
2339,16.600
2340,16.600
2341,16.700
2342,16.700
2343,16.700
2344,16.500
2345,16.700
2346,16.800
2347,16.700
2348,16.500
2349,16.700
2350,16.700
2351,16.700
2352,16.700
2353,16.700
2354,16.500
2355,16.700
2356,16.700
2357,16.800
2358,16.600
2359,16.700
2360,16.800
2361,16.600
2362,16.600
2363,16.600
2364,16.800
2365,16.500
2366,16.700
2367,16.600
2368,16.600
2369,16.800
2370,16.800
2371,16.500
2372,16.700
2373,16.800
2374,16.400
2375,16.700
2376,16.800
2377,16.600
2378,16.700
2379,16.600
2380,16.800
2381,16.700
2382,16.600
2383,16.800
2384,16.600
2385,16.500
2386,16.700
2387,16.800
2388,16.900
2389,16.400
2390,16.600
2391,16.600
2392,16.700
2393,16.800
2394,16.700
2395,16.800
2396,16.700
2397,16.200
2398,16.900
2399,16.600
2400,16.600
2401,16.700
2402,16.700
2403,16.600
2404,16.700
2405,16.600
2406,17.000
2407,16.400
2408,16.700
2409,16.600
2410,16.900
2411,16.500
2412,16.600
2413,16.900
2414,16.600
2415,17.800
2416,15.400
2417,16.800
2418,16.700
2419,16.600
2420,16.700
2421,16.600
2422,16.600
2423,16.800
2424,16.500
2425,16.700
2426,16.700
2427,16.700
2428,16.600
2429,16.700
2430,16.800
2431,16.600
2432,16.700
2433,16.600
2434,16.600
2435,16.700
2436,16.600
2437,16.600
2438,16.800
2439,16.800
2440,16.600
2441,16.700
2442,16.600
2443,16.800
2444,16.500
2445,16.800
2446,16.700
2447,16.500
2448,16.800
2449,16.700
2450,16.700
2451,16.400
2452,16.900
2453,16.600
2454,16.700
2455,16.600
2456,16.600
2457,16.800
2458,16.600
2459,16.700
2460,16.600
2461,16.800
2462,16.600
2463,16.500
2464,16.800
2465,16.700
2466,16.700
2467,16.500
2468,16.700
2469,17.300
2470,16.100
2471,16.700
2472,16.700
2473,16.600
2474,16.800
2475,16.600
2476,16.700
2477,16.500
2478,16.600
2479,16.900
2480,16.500
2481,16.700
2482,16.600
2483,16.800
2484,16.600
2485,16.600
2486,16.700
2487,16.700
2488,16.700
2489,16.600
2490,16.700
2491,16.800
2492,16.600
2493,16.700
2494,16.700
2495,16.700
2496,16.600
2497,16.800
2498,16.600
2499,16.600
2500,16.600
2501,16.700
2502,16.700
2503,16.600
2504,16.900
2505,16.500
2506,16.700
2507,16.600
2508,16.800
2509,16.600
2510,16.700
2511,16.500
2512,16.800
2513,16.600
2514,16.800
2515,16.600
2516,16.600
2517,16.600
2518,17.100
2519,16.400
2520,16.600
2521,16.800
2522,16.700
2523,16.400
2524,16.700
2525,16.800
2526,16.600
2527,16.700
2528,16.700
2529,16.600
2530,16.700
2531,16.600
2532,16.700
2533,16.700
2534,16.600
2535,16.700
2536,16.600
2537,16.600
2538,16.800
2539,16.700
2540,16.700
2541,16.700
2542,16.600
2543,16.600
2544,17.400
2545,16.000
2546,16.600
2547,16.700
2548,16.600
2549,16.700
2550,16.800
2551,16.700
2552,16.700
2553,16.600
2554,16.700
2555,16.600
2556,16.500
2557,16.900
2558,16.600
2559,16.600
2560,16.700
2561,16.600
2562,16.700
2563,16.600
2564,16.800
2565,16.900
2566,16.400
2567,16.700
2568,16.700
2569,16.500
2570,16.800
2571,16.500
2572,16.800
2573,16.600
2574,16.700
2575,16.600
2576,16.700
2577,16.700
2578,16.700
2579,16.600
2580,16.900
2581,16.500
2582,16.600
2583,17.100
2584,16.300
2585,16.600
2586,17.200
2587,16.200
2588,16.600
2589,16.700
2590,16.700
2591,16.700
2592,16.600
2593,16.600
2594,16.700
2595,16.700
2596,16.600
2597,16.700
2598,16.700
2599,16.700
2600,16.500
2601,16.800
2602,16.700
2603,16.600
2604,16.700
2605,16.700
2606,16.700
2607,16.700
2608,16.700
2609,16.500
2610,16.700
2611,16.600
2612,16.700
2613,17.200
2614,16.100
2615,16.700
2616,16.600
2617,16.700
2618,16.800
2619,16.700
2620,16.600
2621,16.700
2622,16.700
2623,16.600
2624,16.600
2625,17.400
2626,16.000
2627,16.500
2628,16.800
2629,16.700
2630,16.700
2631,16.700
2632,16.600
2633,16.900
2634,16.500
2635,16.800
2636,16.500
2637,17.100
2638,16.300
2639,16.500
2640,16.700
2641,16.600
2642,16.700
2643,16.800
2644,16.700
2645,16.500
2646,16.700
2647,16.700
2648,16.600
2649,16.800
2650,16.600
2651,16.700
2652,16.600
2653,16.700
2654,16.800
2655,16.700
2656,16.600
2657,16.600
2658,17.200
2659,16.100
2660,16.600
2661,16.800
2662,16.600
2663,16.700
2664,16.600
2665,16.700
2666,16.800
2667,17.200
2668,16.100
2669,16.600
2670,17.400
2671,15.900
2672,16.700
2673,17.100
2674,16.200
2675,16.700
2676,17.200
2677,16.100
2678,16.600
2679,17.400
2680,16.000
2681,16.600
2682,17.000
2683,16.600
2684,16.700
2685,16.500
2686,16.700
2687,16.800
2688,16.500
2689,16.700
2690,16.800
2691,16.500
2692,16.800
2693,16.600
2694,16.500
2695,16.700
2696,16.700
2697,16.700
2698,16.600
2699,16.600
2700,16.800
2701,16.600
2702,16.700
2703,16.700
2704,16.600
2705,16.700
2706,16.900
2707,16.500
2708,16.600
2709,16.900
2710,16.500
2711,16.600
2712,17.500
2713,15.900
2714,16.500
2715,17.800
2716,15.700
2717,16.600
2718,16.900
2719,16.500
2720,16.600
2721,17.600
2722,15.700
2723,16.700
2724,16.700
2725,16.600
2726,17.000
2727,16.300
2728,16.800
2729,16.600
2730,16.700
2731,16.600
2732,16.700
2733,16.800
2734,16.600
2735,16.600
2736,16.700
2737,16.600
2738,16.800
2739,16.600
2740,16.700
2741,16.800
2742,16.500
2743,16.800
2744,16.600
2745,16.700
2746,16.500
2747,16.700
2748,16.700
2749,16.600
2750,16.700
2751,16.700
2752,16.800
2753,16.600
2754,16.600
2755,16.800
2756,16.700
2757,16.600
2758,16.500
2759,16.700
2760,17.300
2761,16.200
2762,16.600
2763,17.500
2764,15.800
2765,16.700
2766,17.300
2767,16.100
2768,16.600
2769,17.300
2770,16.100
2771,16.700
2772,16.500
2773,16.600
2774,16.700
2775,16.800
2776,16.600
2777,16.800
2778,16.600
2779,16.600
2780,16.700
2781,17.500
2782,15.800
2783,16.600
2784,18.100
2785,15.400
2786,16.700
2787,16.600
2788,16.800
2789,16.600
2790,16.500
2791,16.700
2792,16.600
2793,16.700
2794,16.700
2795,16.700
2796,16.700
2797,16.700
2798,16.600
2799,17.200
2800,16.100
2801,16.600
2802,18.200
2803,15.400
2804,16.600
2805,16.500
2806,17.000
2807,16.500
2808,17.000
2809,16.200
2810,16.700
2811,16.600
2812,16.700
2813,16.800
2814,16.900
2815,16.400
2816,16.600
2817,17.200
2818,16.200
2819,16.700
2820,16.900
2821,16.300
2822,16.800
2823,16.500
2824,16.800
2825,16.500
2826,16.700
2827,16.700
2828,16.700
2829,16.700
2830,16.700
2831,16.700
2832,16.500
2833,16.800
2834,16.500
2835,16.800
2836,16.600
2837,16.700
2838,16.700
2839,16.700
2840,16.600
2841,16.600
2842,16.700
2843,16.600
2844,16.700
2845,16.700
2846,16.800
2847,16.600
2848,16.600
2849,16.700
2850,16.600
2851,16.600
2852,16.800
2853,16.600
2854,16.800
2855,16.600
2856,16.700
2857,16.700
2858,16.600
2859,16.600
2860,16.700
2861,16.800
2862,16.600
2863,16.700
2864,16.600
2865,16.600
2866,16.800
2867,16.700
2868,16.600
2869,16.700
2870,16.700
2871,16.600
2872,16.700
2873,16.700
2874,16.600
2875,16.800
2876,16.600
2877,18.200
2878,15.100
2879,16.600
2880,16.800
2881,16.600
2882,16.800
2883,16.600
2884,16.700
2885,16.600
2886,16.700
2887,16.600
2888,16.700
2889,16.700
2890,16.600
2891,16.700
2892,16.600
2893,16.700
2894,16.600
2895,16.700
2896,16.700
2897,16.600
2898,16.700
2899,16.800
2900,16.500
2901,16.600
2902,16.800
2903,16.700
2904,16.500
2905,17.000
2906,16.500
2907,16.700
2908,16.700
2909,16.600
2910,16.600
2911,16.700
2912,16.700
2913,16.700
2914,16.700
2915,16.500
2916,17.800
2917,15.600
2918,16.700
2919,16.700
2920,16.600
2921,16.700
2922,16.600
2923,16.700
2924,16.800
2925,16.500
2926,16.700
2927,16.700
2928,16.700
2929,16.700
2930,16.600
2931,16.600
2932,16.700
2933,16.800
2934,16.500
2935,16.800
2936,16.600
2937,16.500
2938,16.900
2939,16.500
2940,16.800
2941,16.500
2942,16.900
2943,16.500
2944,16.800
2945,16.800
2946,16.400
2947,16.700
2948,16.700
2949,16.600
2950,16.800
2951,16.600
2952,16.700
2953,16.600
2954,16.800
2955,16.600
2956,16.700
2957,16.700
2958,16.600
2959,16.700
2960,16.800
2961,16.500
2962,16.800
2963,16.600
2964,16.500
2965,16.800
2966,16.700
2967,16.600
2968,16.700
2969,16.700
2970,16.500
2971,16.700
2972,16.700
2973,16.600
2974,16.700
2975,16.800
2976,16.500
2977,16.700
2978,16.800
2979,16.500
2980,16.800
2981,16.700
2982,16.600
2983,16.600
2984,16.900
2985,16.500
2986,16.600
2987,16.800
2988,16.700
2989,16.800
2990,16.400
2991,16.600
2992,16.700
2993,16.700
2994,16.700
2995,16.600
2996,16.700
2997,16.700
2998,16.700
2999,16.700
3000,16.600
3001,16.700
3002,16.800
3003,16.400
3004,16.800
3005,16.700
3006,16.600
3007,16.600
3008,16.700
3009,18.300
3010,15.000
3011,16.700
3012,16.900
3013,16.400
3014,16.600
3015,17.500
3016,15.900
3017,16.700
3018,18.100
3019,15.300
3020,16.600
3021,16.700
3022,16.600
3023,16.700
3024,16.700
3025,16.600
3026,16.800
3027,16.600
3028,16.700
3029,16.600
3030,16.700
3031,16.900
3032,16.500
3033,16.600
3034,16.600
3035,16.700
3036,16.700
3037,16.700
3038,16.800
3039,16.500
3040,16.900
3041,16.600
3042,16.400
3043,16.900
3044,16.500
3045,16.700
3046,16.700
3047,16.700
3048,16.600
3049,16.700
3050,16.700
3051,16.600
3052,16.700
3053,16.600
3054,16.700
3055,16.700
3056,16.700
3057,16.700
3058,16.700
3059,16.500
3060,16.700
3061,16.800
3062,16.800
3063,16.300
3064,16.800
3065,16.800
3066,16.500
3067,16.700
3068,16.600
3069,16.800
3070,16.900
3071,16.300
3072,16.700
3073,16.700
3074,16.600
3075,16.700
3076,16.600
3077,16.800
3078,16.500
3079,16.700
3080,16.800
3081,16.600
3082,16.700
3083,16.800
3084,16.600
3085,16.600
3086,16.800
3087,16.500
3088,16.700
3089,16.600
3090,16.700
3091,16.700
3092,16.600
3093,16.700
3094,16.600
3095,16.800
3096,16.600
3097,16.600
3098,16.800
3099,16.700
3100,16.600
3101,16.600
3102,16.700
3103,16.900
3104,16.500
3105,16.600
3106,16.600
3107,16.800
3108,16.700
3109,16.700
3110,16.700
3111,16.500
3112,16.900
3113,16.600
3114,16.600
3115,16.700
3116,16.600
3117,16.700
3118,16.600
3119,16.700
3120,16.800
3121,16.500
3122,16.800
3123,16.500
3124,16.700
3125,16.600
3126,16.600
3127,16.700
3128,16.700
3129,16.800
3130,16.600
3131,16.700
3132,16.700
3133,16.700
3134,16.600
3135,16.600
3136,16.800
3137,16.600
3138,16.700
3139,16.600
3140,16.900
3141,16.500
3142,16.700
3143,16.600
3144,16.700
3145,16.700
3146,16.500
3147,16.800
3148,16.600
3149,16.600
3150,17.300
3151,16.100
3152,16.800
3153,16.600
3154,16.700
3155,16.700
3156,16.700
3157,16.700
3158,16.600
3159,16.600
3160,16.800
3161,16.400
3162,16.700
3163,16.700
3164,16.800
3165,17.300
3166,15.900
3167,16.700
3168,16.800
3169,16.600
3170,16.800
3171,16.500
3172,16.800
3173,16.500
3174,16.800
3175,16.700
3176,16.600
3177,16.700
3178,16.600
3179,16.600
3180,16.900
3181,16.400
3182,16.700
3183,16.700
3184,16.600
3185,16.800
3186,16.500
3187,16.900
3188,16.500
3189,16.600
3190,16.700
3191,16.700
3192,16.700
3193,16.600
3194,16.800
3195,16.600
3196,16.700
3197,16.600
3198,16.700
3199,16.800
3200,16.500
3201,16.700
3202,16.700
3203,16.700
3204,16.600
3205,16.700
3206,16.700
3207,16.700
3208,16.500
3209,16.800
3210,17.300
3211,16.000
3212,16.700
3213,16.600
3214,16.700
3215,16.700
3216,16.700
3217,16.700
3218,16.600
3219,16.600
3220,16.700
3221,16.800
3222,16.600
3223,16.600
3224,16.700
3225,16.600
3226,16.600
3227,16.700
3228,16.700
3229,16.800
3230,16.600
3231,16.600
3232,16.700
3233,16.700
3234,16.700
3235,16.700
3236,16.700
3237,16.800
3238,16.500
3239,16.700
3240,16.500
3241,16.700
3242,16.800
3243,18.200
3244,15.100
3245,16.700
3246,17.700
3247,15.700
3248,16.500
3249,16.700
3250,16.600
3251,16.700
3252,16.700
3253,16.500
3254,16.800
3255,16.600
3256,16.700
3257,16.600
3258,16.700
3259,16.700
3260,16.600
3261,16.800
3262,16.600
3263,16.700
3264,16.600
3265,16.700
3266,16.700
3267,16.800
3268,16.500
3269,16.700
3270,16.700
3271,16.500
3272,16.800
3273,16.700
3274,16.600
3275,16.700
3276,16.600
3277,16.800
3278,16.700
3279,16.500
3280,16.800
3281,16.600
3282,16.600
3283,16.800
3284,16.700
3285,16.500
3286,16.700
3287,16.700
3288,17.500
3289,16.000
3290,16.600
3291,16.600
3292,16.700
3293,16.700
3294,16.500
3295,16.700
3296,16.800
3297,16.600
3298,16.700
3299,16.600
3300,16.700
3301,16.700
3302,16.600
3303,16.700
3304,16.800
3305,16.600
3306,16.500
3307,16.900
3308,16.500
3309,16.800
3310,16.600
3311,16.700
3312,16.600
3313,16.700
3314,16.600
3315,16.700
3316,16.800
3317,16.500
3318,16.900
3319,16.500
3320,16.700
3321,16.500
3322,16.800
3323,16.700
3324,16.700
3325,16.600
3326,16.700
3327,16.600
3328,16.700
3329,16.700
3330,16.600
3331,16.800
3332,16.500
3333,16.700
3334,16.700
3335,16.700
3336,17.100
3337,16.100
3338,16.700
3339,16.700
3340,16.700
3341,16.700
3342,16.600
3343,16.700
3344,16.700
3345,16.700
3346,16.800
3347,16.600
3348,16.600
3349,16.600
3350,16.700
3351,16.600
3352,16.600
3353,16.900
3354,16.500
3355,16.600
3356,16.800
3357,16.700
3358,16.600
3359,16.700
3360,16.700
3361,16.600
3362,16.800
3363,16.600
3364,16.600
3365,16.600
3366,16.800
3367,16.700
3368,16.700
3369,16.600
3370,16.800
3371,16.500
3372,16.600
3373,16.700
3374,16.600
3375,16.800
3376,16.600
3377,16.600
3378,16.900
3379,16.600
3380,16.700
3381,16.500
3382,16.700
3383,16.700
3384,16.800
3385,16.600
3386,16.600
3387,16.600
3388,16.700
3389,16.600
3390,16.700
3391,16.700
3392,16.800
3393,16.400
3394,16.900
3395,16.500
3396,16.700
3397,16.700
3398,16.800
3399,16.500
3400,16.700
3401,16.600
3402,16.700
3403,16.700
3404,16.800
3405,16.400
3406,16.800
3407,16.700
3408,16.600
3409,16.700
3410,16.700
3411,16.600
3412,16.700
3413,16.700
3414,16.600
3415,16.700
3416,16.600
3417,16.800
3418,16.600
3419,16.700
3420,16.600
3421,16.700
3422,16.700
3423,16.600
3424,16.800
3425,16.600
3426,16.700
3427,16.700
3428,16.700
3429,16.500
3430,16.800
3431,16.600
3432,16.700
3433,16.800
3434,16.500
3435,16.800
3436,16.600
3437,16.500
3438,16.800
3439,16.600
3440,16.700
3441,16.700
3442,16.700
3443,16.800
3444,16.500
3445,16.700
3446,16.600
3447,17.900
3448,15.500
3449,16.600
3450,17.400
3451,15.900
3452,16.700
3453,16.600
3454,16.700
3455,16.600
3456,16.800
3457,16.600
3458,16.700
3459,17.400
3460,15.900
3461,16.700
3462,17.500
3463,15.800
3464,16.700
3465,16.800
3466,16.700
3467,16.600
3468,16.600
3469,16.700
3470,16.700
3471,16.700
3472,16.600
3473,16.700
3474,17.000
3475,16.200
3476,16.900
3477,16.500
3478,16.600
3479,16.700
3480,16.700
3481,16.700
3482,16.600
3483,16.800
3484,16.500
3485,16.800
3486,16.600
3487,16.700
3488,16.600
3489,16.800
3490,16.500
3491,16.700
3492,16.700
3493,16.600
3494,16.800
3495,16.700
3496,16.600
3497,16.700
3498,17.000
3499,16.200
3500,16.800
3501,16.800
3502,16.600
3503,16.600
3504,16.700
3505,16.500
3506,16.800
3507,16.800
3508,16.500
3509,16.600
3510,16.900
3511,16.500
3512,16.800
3513,16.500
3514,16.600
3515,16.800
3516,16.600
3517,16.600
3518,16.700
3519,17.100
3520,16.300
3521,16.800
3522,17.600
3523,15.600
3524,16.700
3525,17.700
3526,15.700
3527,16.600
3528,16.600
3529,16.700
3530,16.600
3531,16.800
3532,16.700
3533,16.600
3534,16.900
3535,16.400
3536,16.700
3537,16.600
3538,16.900
3539,16.500
3540,16.700
3541,16.700
3542,16.500
3543,16.700
3544,16.800
3545,16.600
3546,16.700
3547,16.600
3548,16.700
3549,17.500
3550,15.800
3551,16.800
3552,16.500
3553,16.800
3554,16.700
3555,16.500
3556,16.700
3557,16.800
3558,17.400
3559,15.800
3560,16.600
3561,16.900
3562,16.500
3563,16.600
3564,16.800
3565,16.600
3566,16.800
3567,16.600
3568,16.700
3569,16.700
3570,16.500
3571,16.800
3572,16.600
3573,16.600
3574,16.700
3575,16.700
3576,16.600
3577,16.700
3578,16.600
3579,17.000
3580,16.400
3581,16.600
3582,16.700
3583,16.700
3584,16.800
3585,16.600
3586,16.700
3587,16.700
3588,16.700
3589,16.700
3590,16.500
3591,16.800
3592,16.500
3593,16.700
3594,16.700
3595,16.700
3596,16.700
3597,16.600
3598,16.700
3599,16.700
3600,17.400
3601,15.900
3602,16.600
3603,16.700
3604,16.700
3605,16.500
3606,17.000
3607,16.500
3608,16.700
3609,17.000
3610,16.200
3611,16.800
3612,16.600
3613,16.700
3614,16.600
3615,16.800
3616,16.600
3617,16.600
3618,16.700
3619,16.700
3620,16.500
3621,17.400
3622,16.000
3623,16.700
3624,17.000
3625,16.300
3626,16.800
3627,16.600
3628,16.700
3629,16.800
3630,16.500
3631,16.700
3632,16.700
3633,16.700
3634,16.600
3635,16.800
3636,16.500
3637,16.800
3638,16.500
3639,16.700
3640,16.700
3641,16.700
3642,16.600
3643,16.700
3644,16.600
3645,16.700
3646,16.600
3647,16.700
3648,16.600
3649,16.800
3650,16.700
3651,16.900
3652,16.500
3653,16.700
3654,16.600
3655,16.700
3656,16.600
3657,16.700
3658,16.600
3659,16.700
3660,17.000
3661,16.300
3662,16.700
3663,17.500
3664,15.800
3665,16.700
3666,16.600
3667,16.700
3668,16.700
3669,16.700
3670,16.700
3671,16.600
3672,16.700
3673,16.700
3674,16.600
3675,16.600
3676,16.900
3677,16.700
3678,16.400
3679,16.800
3680,16.700
3681,16.600
3682,16.700
3683,16.600
3684,16.700
3685,16.700
3686,16.500
3687,17.600
3688,15.900
3689,16.700
3690,17.100
3691,16.200
3692,16.600
3693,16.600
3694,16.800
3695,16.500
3696,16.900
3697,16.600
3698,16.600
3699,16.600
3700,16.800
3701,16.600
3702,16.700
3703,16.600
3704,16.800
3705,16.600
3706,16.700
3707,16.800
3708,16.600
3709,16.600
3710,16.500
3711,16.800
3712,16.700
3713,16.600
3714,16.600
3715,16.800
3716,16.700
3717,17.200
3718,16.200
3719,16.600
3720,16.600
3721,16.700
3722,16.700
3723,16.700
3724,16.600
3725,16.800
3726,16.500
3727,16.700
3728,16.700
3729,16.700
3730,16.600
3731,16.700
3732,16.700
3733,16.700
3734,16.600
3735,16.600
3736,16.700
3737,16.600
3738,16.600
3739,16.900
3740,16.700
3741,16.800
3742,16.300
3743,16.900
3744,16.600
3745,16.700
3746,16.600
3747,17.800
3748,15.500
3749,16.700
3750,17.400
3751,16.000
3752,16.500
3753,16.600
3754,16.700
3755,16.700
3756,16.800
3757,16.600
3758,16.600
3759,16.700
3760,16.500
3761,17.100
3762,16.400
3763,16.900
3764,16.400
3765,16.900
3766,16.600
3767,16.500
3768,16.700
3769,16.600
3770,16.700
3771,17.400
3772,16.100
3773,16.600
3774,16.800
3775,16.500
3776,16.600
3777,16.700
3778,16.700
3779,16.700
3780,16.600
3781,16.700
3782,16.600
3783,16.800
3784,16.600
3785,16.600
3786,16.600
3787,16.800
3788,16.500
3789,16.700
3790,16.900
3791,16.800
3792,17.600
3793,15.600
3794,16.500
3795,16.700
3796,16.700
3797,16.700
3798,16.600
3799,16.800
3800,16.700
3801,16.400
3802,16.700
3803,16.700
3804,16.700
3805,16.700
3806,16.600
3807,16.600
3808,16.900
3809,16.600
3810,16.600
3811,16.800
3812,16.700
3813,16.600
3814,16.600
3815,16.800
3816,16.600
3817,16.800
3818,16.600
3819,17.100
3820,16.100
3821,16.700
3822,16.700
3823,16.700
3824,16.800
3825,16.500
3826,16.700
3827,16.500
3828,16.800
3829,16.900
3830,16.300
3831,16.900
3832,16.500
3833,16.700
3834,16.700
3835,16.800
3836,16.400
3837,17.000
3838,16.500
3839,16.600
3840,16.700
3841,16.700
3842,16.700
3843,16.600
3844,16.800
3845,16.600
3846,16.600
3847,16.600
3848,16.700
3849,16.800
3850,16.600
3851,16.700
3852,16.600
3853,16.900
3854,16.400
3855,16.600
3856,16.700
3857,16.700
3858,16.600
3859,16.700
3860,16.800
3861,16.800
3862,16.400
3863,16.700
3864,16.600
3865,16.800
3866,16.600
3867,16.700
3868,16.600
3869,16.700
3870,16.700
3871,16.600
3872,16.700
3873,16.600
3874,17.100
3875,16.300
3876,16.700
3877,16.600
3878,16.700
3879,16.600
3880,16.900
3881,16.500
3882,16.700
3883,16.700
3884,16.600
3885,16.800
3886,16.700
3887,16.600
3888,16.800
3889,16.500
3890,16.900
3891,16.500
3892,16.600
3893,16.700
3894,16.600
3895,16.700
3896,16.600
3897,16.800
3898,16.700
3899,16.600
3900,16.600
3901,16.800
3902,16.500
3903,16.700
3904,16.800
3905,16.600
3906,16.500
3907,16.800
3908,16.600
3909,16.700
3910,16.800
3911,16.600
3912,16.600
3913,16.700
3914,16.800
3915,16.400
3916,16.800
3917,16.800
3918,16.500
3919,16.800
3920,16.600
3921,16.700
3922,16.800
3923,16.600
3924,16.500
3925,16.700
3926,16.700
3927,16.600
3928,16.700
3929,16.600
3930,16.600
3931,16.800
3932,16.700
3933,16.600
3934,16.700
3935,16.600
3936,16.800
3937,16.700
3938,16.500
3939,16.900
3940,16.500
3941,16.600
3942,16.700
3943,16.700
3944,16.700
3945,16.600
3946,16.900
3947,16.500
3948,16.700
3949,16.700
3950,16.600
3951,16.700
3952,16.600
3953,16.700
3954,16.700
3955,16.700
3956,16.700
3957,16.600
3958,16.700
3959,16.500
3960,16.800
3961,16.700
3962,16.500
3963,16.700
3964,16.700
3965,16.600
3966,16.700
3967,16.600
3968,16.800
3969,16.600
3970,16.800
3971,16.800
3972,16.500
3973,16.700
3974,16.600
3975,17.300
3976,16.000
3977,16.800
3978,16.600
3979,16.600
3980,16.700
3981,16.700
3982,16.700
3983,16.600
3984,16.700
3985,16.600
3986,16.600
3987,16.900
3988,16.600
3989,16.700
3990,16.600
3991,16.700
3992,16.600
3993,16.700
3994,16.700
3995,16.600
3996,16.700
3997,16.700
3998,16.800
3999,16.600
4000,16.700
4001,16.600
4002,16.500
4003,16.900
4004,16.700
4005,16.400
4006,16.700
4007,16.700
4008,16.600
4009,16.700
4010,16.700
4011,16.700
4012,16.800
4013,16.600
4014,16.600
4015,17.100
4016,16.200
4017,16.700
4018,16.700
4019,16.700
4020,16.500
4021,17.000
4022,16.400
4023,16.800
4024,16.600
4025,16.700
4026,16.500
4027,16.700
4028,16.800
4029,16.500
4030,16.900
4031,16.600
4032,16.600
4033,16.600
4034,16.600
4035,16.800
4036,16.700
4037,16.500
4038,18.100
4039,15.400
4040,16.800
4041,16.500
4042,16.700
4043,16.600
4044,16.700
4045,16.700
4046,16.500
4047,17.200
4048,16.400
4049,16.500
4050,16.700
4051,16.700
4052,16.600
4053,16.600
4054,16.700
4055,16.800
4056,16.500
4057,16.800
4058,16.700
4059,16.600
4060,16.800
4061,16.400
4062,16.800
4063,16.700
4064,16.600
4065,16.700
4066,16.700
4067,16.800
4068,16.600
4069,16.500
4070,16.800
4071,16.600
4072,16.700
4073,16.600
4074,16.700
4075,16.800
4076,16.600
4077,16.600
4078,16.700
4079,16.700
4080,16.700
4081,16.500
4082,16.800
4083,16.800
4084,16.600
4085,16.700
4086,17.000
4087,16.100
4088,16.800
4089,16.800
4090,16.500
4091,16.600
4092,16.700
4093,16.700
4094,16.600
4095,16.700
4096,16.700
4097,16.700
4098,16.600
4099,16.600
4100,16.700
4101,16.700
4102,16.700
4103,16.800
4104,16.500
4105,16.600
4106,16.700
4107,16.800
4108,16.600
4109,16.800
4110,16.600
4111,16.500
4112,16.700
4113,16.700
4114,16.700
4115,16.700
4116,17.000
4117,16.300
4118,16.600
4119,16.700
4120,16.800
4121,16.600
4122,16.600
4123,16.800
4124,16.500
4125,16.800
4126,16.600
4127,16.600
4128,16.800
4129,16.600
4130,16.800
4131,16.600
4132,16.600
4133,16.700
4134,17.000
4135,16.400
4136,16.600
4137,16.700
4138,16.700
4139,16.700
4140,16.600
4141,16.700
4142,16.500
4143,16.700
4144,16.800
4145,16.800
4146,16.500
4147,16.700
4148,16.700
4149,16.600
4150,16.900
4151,16.400
4152,16.700
4153,16.700
4154,16.700
4155,16.600
4156,16.600
4157,16.800
4158,16.800
4159,16.400
4160,16.800
4161,16.600
4162,16.600
4163,16.800
4164,16.700
4165,16.700
4166,16.500
4167,16.600
4168,16.900
4169,16.600
4170,16.700
4171,16.500
4172,16.700
4173,16.700
4174,16.600
4175,16.700
4176,16.700
4177,16.600
4178,16.700
4179,16.700
4180,16.700
4181,16.600
4182,16.600
4183,16.700
4184,16.700
4185,16.700
4186,16.700
4187,16.600
4188,16.700
4189,16.600
4190,16.900
4191,16.500
4192,16.600
4193,17.000
4194,16.300
4195,16.900
4196,16.600
4197,16.700
4198,16.600
4199,16.700
4200,16.700
4201,16.700
4202,16.700
4203,16.600
4204,16.700
4205,16.600
4206,16.800
4207,16.600
4208,16.600
4209,16.800
4210,16.500
4211,16.700
4212,16.600
4213,16.800
4214,16.600
4215,16.900
4216,16.400
4217,16.700
4218,16.700
4219,16.600
4220,16.700
4221,16.700
4222,16.700
4223,16.700
4224,16.600
4225,16.600
4226,16.700
4227,16.600
4228,16.700
4229,16.600
4230,16.600
4231,16.800
4232,16.700
4233,16.600
4234,16.600
4235,16.700
4236,16.700
4237,16.700
4238,16.700
4239,16.500
4240,16.800
4241,16.600
4242,16.800
4243,16.500
4244,16.900
4245,16.500
4246,16.700
4247,16.600
4248,16.800
4249,16.700
4250,16.600
4251,16.600
4252,16.700
4253,16.800
4254,17.000
4255,16.200
4256,16.700
4257,16.600
4258,16.700
4259,16.700
4260,16.700
4261,16.600
4262,16.700
4263,16.700
4264,16.700
4265,16.600
4266,17.000
4267,16.400
4268,16.600
4269,16.900
4270,16.400
4271,16.700
4272,16.700
4273,16.600
4274,16.800
4275,16.700
4276,16.700
4277,16.500
4278,16.700
4279,16.700
4280,16.800
4281,16.500
4282,16.700
4283,16.700
4284,16.600
4285,16.600
4286,16.800
4287,16.600
4288,16.700
4289,16.700
4290,16.600
4291,16.700
4292,16.700
4293,16.700
4294,16.700
4295,16.700
4296,16.600
4297,16.700
4298,16.600
4299,16.700
4300,16.600
4301,16.600
4302,16.600
4303,16.800
4304,16.700
4305,16.800
4306,16.500
4307,16.500
4308,16.700
4309,16.900
4310,16.400
4311,16.800
4312,16.700
4313,16.600
4314,16.600
4315,16.600
4316,16.800
4317,16.700
4318,16.600
4319,16.900
4320,16.500
4321,16.600
4322,16.800
4323,16.600
4324,16.700
4325,16.700
4326,16.600
4327,16.600
4328,16.800
4329,16.600
4330,16.600
4331,16.700
4332,16.700
4333,16.700
4334,16.700
4335,16.500
4336,16.800
4337,16.700
4338,16.600
4339,16.700
4340,16.700
4341,16.600
4342,16.700
4343,16.700
4344,16.600
4345,16.700
4346,16.700
4347,16.600
4348,16.700
4349,16.600
4350,16.700
4351,16.700
4352,16.700
4353,16.700
4354,16.600
4355,16.700
4356,16.700
4357,16.500
4358,16.700
4359,16.700
4360,16.600
4361,16.800
4362,16.600
4363,16.600
4364,16.700
4365,16.700
4366,16.700
4367,16.700
4368,16.600
4369,16.800
4370,16.500
4371,16.700
4372,16.700
4373,16.500
4374,16.900
4375,16.600
4376,16.700
4377,16.600
4378,16.700
4379,16.700
4380,16.900
4381,16.500
4382,16.700
4383,16.500
4384,16.700
4385,16.700
4386,16.700
4387,16.800
4388,16.600
4389,16.600
4390,16.700
4391,16.700
4392,16.500
4393,16.700
4394,16.700
4395,16.600
4396,16.700
4397,16.700
4398,16.700
4399,16.700
4400,16.700
4401,16.600
4402,16.700
4403,16.700
4404,16.600
4405,16.600
4406,16.700
4407,16.600
4408,16.700
4409,16.800
4410,16.600
4411,16.700
4412,16.600
4413,16.700
4414,16.600
4415,16.700
4416,16.700
4417,16.600
4418,16.800
4419,16.500
4420,16.700
4421,16.800
4422,16.600
4423,16.700
4424,16.700
4425,16.500
4426,16.800
4427,16.800
4428,16.600
4429,16.600
4430,16.600
4431,16.600
4432,16.900
4433,16.500
4434,16.800
4435,16.700
4436,16.500
4437,16.700
4438,16.600
4439,16.800
4440,16.800
4441,16.400
4442,16.700
4443,16.600
4444,16.700
4445,16.700
4446,16.700
4447,16.600
4448,16.700
4449,16.700
4450,16.600
4451,16.800
4452,16.600
4453,16.700
4454,16.700
4455,16.700
4456,16.600
4457,16.800
4458,16.700
4459,16.500
4460,16.800
4461,16.500
4462,16.700
4463,16.600
4464,16.700
4465,16.600
4466,16.700
4467,16.700
4468,16.700
4469,16.700
4470,16.600
4471,16.800
4472,16.700
4473,16.400
4474,16.700
4475,16.700
4476,16.700
4477,16.600
4478,16.800
4479,16.600
4480,16.700
4481,16.700
4482,16.600
4483,16.800
4484,16.500
4485,16.700
4486,16.700
4487,16.600
4488,16.700
4489,16.600
4490,16.800
4491,16.600
4492,16.600
4493,16.700
4494,16.700
4495,16.600
4496,16.700
4497,16.700
4498,16.700
4499,16.600
4500,16.700
4501,16.700
4502,16.600
4503,16.700
4504,16.700
4505,16.800
4506,16.500
4507,16.700
4508,16.700
4509,16.600
4510,16.700
4511,16.700
4512,16.700
4513,16.700
4514,16.600
4515,16.600
4516,16.600
4517,17.000
4518,17.000
4519,16.000
4520,16.700
4521,16.700
4522,16.700
4523,16.600
4524,16.800
4525,16.600
4526,16.700
4527,16.700
4528,16.600
4529,16.700
4530,16.700
4531,16.800
4532,16.600
4533,16.500
4534,16.700
4535,16.700
4536,16.600
4537,16.600
4538,16.800
4539,16.600
4540,16.800
4541,16.700
4542,16.600
4543,16.600
4544,16.700
4545,16.700
4546,16.600
4547,16.700
4548,16.600
4549,16.700
4550,16.600
4551,16.700
4552,16.700
4553,16.800
4554,16.700
4555,16.600
4556,16.600
4557,16.600
4558,16.800
4559,16.800
4560,16.500
4561,16.600
4562,16.700
4563,16.700
4564,16.600
4565,16.800
4566,16.500
4567,16.700
4568,16.800
4569,16.600
4570,16.600
4571,16.600
4572,16.800
4573,16.700
4574,16.600
4575,16.600
4576,16.700
4577,16.700
4578,16.600
4579,16.800
4580,16.600
4581,16.700
4582,16.700
4583,16.700
4584,16.600
4585,16.800
4586,16.500
4587,16.600
4588,16.700
4589,16.700
4590,16.800
4591,16.500
4592,16.800
4593,16.500
4594,16.800
4595,16.600
4596,16.800
4597,16.600
4598,16.700
4599,16.600
4600,16.600
4601,16.700
4602,16.600
4603,16.700
4604,16.800
4605,16.600
4606,16.700
4607,16.600
4608,16.700
4609,16.700
4610,16.700
4611,16.700
4612,16.600
4613,16.700
4614,16.700
4615,16.600
4616,16.600
4617,16.700
4618,16.800
4619,16.600
4620,16.600
4621,16.700
4622,16.600
4623,17.000
4624,16.400
4625,16.700
4626,17.200
4627,16.300
4628,16.500
4629,16.700
4630,16.600
4631,16.800
4632,16.600
4633,16.700
4634,16.600
4635,16.500
4636,16.700
4637,16.800
4638,16.700
4639,17.000
4640,16.400
4641,16.500
4642,16.700
4643,16.600
4644,16.800
4645,16.900
4646,16.400
4647,16.500
4648,16.900
4649,16.600
4650,16.600
4651,16.600
4652,16.900
4653,16.500
4654,16.800
4655,16.500
4656,16.700
4657,16.700
4658,16.600
4659,16.800
4660,16.600
4661,16.800
4662,16.600
4663,16.700
4664,16.500
4665,16.800
4666,16.600
4667,16.600
4668,16.800
4669,16.500
4670,16.700
4671,16.800
4672,16.600
4673,16.700
4674,16.600
4675,16.700
4676,16.700
4677,16.700
4678,16.600
4679,16.700
4680,16.700
4681,16.700
4682,16.600
4683,16.800
4684,16.600
4685,16.600
4686,16.600
4687,16.800
4688,16.600
4689,16.600
4690,16.800
4691,16.600
4692,16.700
4693,16.700
4694,16.600
4695,16.800
4696,16.700
4697,16.800
4698,16.400
4699,16.600
4700,16.800
4701,16.600
4702,16.800
4703,16.700
4704,16.500
4705,16.900
4706,16.500
4707,16.500
4708,16.800
4709,16.900
4710,16.300
4711,16.700
4712,16.700
4713,16.700
4714,16.600
4715,17.000
4716,16.500
4717,16.500
4718,16.700
4719,16.700
4720,17.000
4721,16.300
4722,16.700
4723,16.600
4724,16.700
4725,16.800
4726,16.600
4727,16.700
4728,16.600
4729,16.800
4730,16.500
4731,16.800
4732,16.600
4733,16.700
4734,16.500
4735,16.800
4736,16.700
4737,16.800
4738,16.700
4739,16.400
4740,16.700
4741,16.600
4742,16.800
4743,16.600
4744,16.800
4745,16.600
4746,16.600
4747,17.000
4748,16.500
4749,16.400
4750,17.000
4751,16.500
4752,16.600
4753,16.700
4754,16.700
4755,16.700
4756,16.600
4757,16.700
4758,16.500
4759,16.800
4760,16.600
4761,16.800
4762,16.600
4763,16.700
4764,16.600
4765,16.700
4766,16.700
4767,16.600
4768,16.800
4769,16.600
4770,16.700
4771,16.500
4772,16.700
4773,16.700
4774,16.700
4775,16.600
4776,16.700
4777,16.700
4778,16.800
4779,16.500
4780,16.700
4781,16.600
4782,16.700
4783,16.700
4784,16.500
4785,16.800
4786,16.700
4787,16.700
4788,16.600
4789,16.700
4790,16.700
4791,16.600
4792,16.700
4793,16.700
4794,16.600
4795,16.700
4796,16.800
4797,16.800
4798,16.500
4799,16.700
4800,16.800
4801,16.400
4802,16.800
4803,16.600
4804,16.600
4805,16.700
4806,16.700
4807,16.800
4808,16.500
4809,16.800
4810,16.600
4811,16.700
4812,16.600
4813,16.700
4814,16.700
4815,17.000
4816,16.300
4817,16.500
4818,16.700
4819,16.700
4820,16.700
4821,16.800
4822,16.600
4823,16.600
4824,16.700
4825,16.600
4826,16.800
4827,16.700
4828,16.600
4829,16.600
4830,16.800
4831,16.600
4832,16.600
4833,16.600
4834,16.700
4835,16.600
4836,16.700
4837,16.900
4838,16.500
4839,16.700
4840,16.700
4841,16.700
4842,16.600
4843,16.600
4844,16.800
4845,16.900
4846,16.300
4847,16.700
4848,16.600
4849,16.700
4850,16.700
4851,16.900
4852,16.600
4853,16.600
4854,16.700
4855,16.600
4856,16.800
4857,16.400
4858,16.800
4859,16.700
4860,16.600
4861,16.600
4862,16.800
4863,16.700
4864,16.500
4865,16.700
4866,16.800
4867,16.500
4868,16.800
4869,16.700
4870,16.600
4871,16.600
4872,16.700
4873,16.700
4874,16.800
4875,16.500
4876,16.700
4877,16.700
4878,16.600
4879,16.700
4880,16.700
4881,16.600
4882,16.700
4883,16.700
4884,16.800
4885,16.400
4886,16.700
4887,16.700
4888,16.600
4889,16.700
4890,16.800
4891,16.600
4892,16.600
4893,16.700
4894,16.700
4895,16.700
4896,16.600
4897,16.600
4898,16.700
4899,16.700
4900,16.700
4901,16.500
4902,16.900
4903,16.700
4904,16.600
4905,16.500
4906,16.700
4907,16.700
4908,16.600
4909,16.800
4910,16.600
4911,17.000
4912,16.400
4913,16.700
4914,16.800
4915,16.500
4916,16.600
4917,16.700
4918,16.600
4919,16.700
4920,16.700
4921,16.700
4922,16.600
4923,16.700
4924,16.700
4925,16.700
4926,16.600
4927,16.700
4928,16.700
4929,16.900
4930,16.400
4931,16.800
4932,16.800
4933,16.300
4934,16.800
4935,16.600
4936,16.700
4937,16.600
4938,16.700
4939,16.700
4940,16.700
4941,16.900
4942,16.500
4943,16.600
4944,16.600
4945,16.900
4946,16.400
4947,16.700
4948,16.800
4949,16.500
4950,16.700
4951,16.600
4952,16.700
4953,16.700
4954,16.700
4955,16.700
4956,16.600
4957,16.700
4958,16.800
4959,16.500
4960,16.600
4961,16.800
4962,16.800
4963,16.500
4964,16.700
4965,16.700
4966,16.800
4967,16.500
4968,16.600
4969,16.700
4970,16.700
4971,16.600
4972,16.700
4973,16.700
4974,16.800
4975,16.500
4976,16.700
4977,16.700
4978,16.700
4979,16.700
4980,16.700
4981,16.600
4982,16.700
4983,16.600
4984,16.700
4985,16.700
4986,16.600
4987,16.600
4988,16.700
4989,17.000
4990,16.400
4991,16.600
4992,16.700
4993,16.600
4994,16.700
4995,16.700
4996,16.700
4997,16.700
4998,16.600
4999,16.800
5000,16.500
5001,17.600
5002,15.900
5003,16.500
5004,16.800
5005,16.600
5006,16.700
5007,16.700
5008,16.500
5009,16.600
5010,16.900
5011,16.400
5012,16.800
5013,16.800
5014,16.500
5015,16.700
5016,16.700
5017,16.700
5018,16.700
5019,16.700
5020,16.600
5021,16.600
5022,16.700
5023,16.600
5024,16.800
5025,16.500
5026,16.700
5027,17.100
5028,16.200
5029,16.700
5030,16.700
5031,16.600
5032,16.700
5033,16.700
5034,16.600
5035,16.700
5036,16.700
5037,16.700
5038,16.700
5039,16.700
5040,16.600
5041,16.700
5042,16.700
5043,16.600
5044,16.600
5045,16.700
5046,16.700
5047,16.700
5048,16.500
5049,16.800
5050,16.800
5051,16.600
5052,16.800
5053,16.400
5054,16.800
5055,16.600
5056,16.800
5057,16.500
5058,16.900
5059,16.600
5060,16.500
5061,16.600
5062,16.800
5063,16.700
5064,16.700
5065,16.600
5066,16.600
5067,16.800
5068,16.600
5069,16.500
5070,16.700
5071,16.800
5072,16.700
5073,16.600
5074,16.600
5075,16.800
5076,16.600
5077,16.600
5078,16.700
5079,16.700
5080,16.600
5081,16.800
5082,16.600
5083,16.700
5084,16.700
5085,16.600
5086,16.700
5087,16.700
5088,16.700
5089,16.600
5090,16.700
5091,16.700
5092,16.700
5093,16.700
5094,16.500
5095,16.700
5096,16.600
5097,16.700
5098,16.800
5099,16.600
5100,16.600
5101,16.800
5102,16.600
5103,16.700
5104,16.500
5105,16.800
5106,16.700
5107,16.600
5108,16.700
5109,16.600
5110,16.700
5111,16.800
5112,16.500
5113,16.700
5114,16.600
5115,16.900
5116,16.600
5117,16.600
5118,16.600
5119,16.700
5120,16.800
5121,16.500
5122,16.700
5123,16.700
5124,16.600
5125,16.700
5126,16.600
5127,16.700
5128,16.700
5129,16.700
5130,16.600
5131,16.700
5132,16.700
5133,16.600
5134,16.700
5135,16.600
5136,16.700
5137,16.700
5138,16.600
5139,16.700
5140,16.700
5141,16.700
5142,16.800
5143,16.900
5144,16.300
5145,16.800
5146,16.700
5147,16.500
5148,16.800
5149,16.500
5150,16.700
5151,16.800
5152,16.600
5153,16.500
5154,17.000
5155,16.500
5156,16.600
5157,16.700
5158,16.600
5159,16.700
5160,16.800
5161,16.600
5162,16.600
5163,17.000
5164,16.200
5165,16.800
5166,17.000
5167,16.400
5168,16.500
5169,16.800
5170,16.900
5171,16.600
5172,16.600
5173,16.600
5174,16.800
5175,16.400
5176,16.700
5177,16.700
5178,16.700
5179,16.700
5180,16.700
5181,16.500
5182,16.700
5183,16.600
5184,16.800
5185,16.600
5186,16.600
5187,16.700
5188,16.700
5189,16.700
5190,16.800
5191,16.600
5192,16.600
5193,16.700
5194,16.700
5195,16.600
5196,16.700
5197,16.600
5198,16.700
5199,16.800
5200,16.700
5201,16.500
5202,16.800
5203,16.500
5204,16.700
5205,16.600
5206,16.800
5207,16.500
5208,16.900
5209,16.600
5210,16.600
5211,16.600
5212,16.700
5213,16.800
5214,16.600
5215,16.700
5216,16.600
5217,16.700
5218,16.700
5219,16.600
5220,16.700
5221,16.700
5222,16.700
5223,16.700
5224,16.700
5225,16.500
5226,16.700
5227,16.800
5228,16.500
5229,16.700
5230,16.600
5231,16.800
5232,16.600
5233,16.800
5234,16.500
5235,16.700
5236,16.900
5237,16.400
5238,16.700
5239,16.700
5240,16.600
5241,16.800
5242,16.600
5243,16.800
5244,16.600
5245,16.600
5246,16.700
5247,16.700
5248,16.600
5249,16.600
5250,16.800
5251,16.600
5252,16.700
5253,16.600
5254,16.600
5255,16.900
5256,16.700
5257,16.600
5258,16.600
5259,16.600
5260,16.700
5261,16.800
5262,16.800
5263,16.500
5264,16.700
5265,16.500
5266,16.600
5267,16.800
5268,16.700
5269,16.500
5270,16.800
5271,16.600
5272,16.800
5273,16.700
5274,16.500
5275,16.700
5276,16.700
5277,16.700
5278,16.700
5279,16.600
5280,16.600
5281,16.700
5282,16.800
5283,16.500
5284,16.700
5285,16.700
5286,16.700
5287,16.700
5288,16.600
5289,16.700
5290,16.600
5291,16.900
5292,16.400
5293,16.700
5294,16.700
5295,16.700
5296,16.700
5297,16.600
5298,16.700
5299,16.700
5300,16.700
5301,16.700
5302,16.600
5303,16.700
5304,16.600
5305,16.700
5306,16.500
5307,16.800
5308,16.600
5309,16.700
5310,16.700
5311,16.600
5312,16.800
5313,16.600
5314,16.500
5315,16.800
5316,16.600
5317,16.700
5318,16.700
5319,16.700
5320,16.600
5321,16.700
5322,16.800
5323,16.500
5324,16.800
5325,16.600
5326,16.700
5327,16.600
5328,16.700
5329,16.700
5330,16.700
5331,16.600
5332,16.700
5333,16.700
5334,16.700
5335,16.700
5336,16.500
5337,16.800
5338,16.600
5339,16.700
5340,16.600
5341,16.800
5342,16.600
5343,16.600
5344,16.700
5345,16.800
5346,16.500
5347,16.900
5348,16.500
5349,16.700
5350,16.800
5351,16.500
5352,16.600
5353,16.700
5354,16.600
5355,16.700
5356,16.800
5357,16.700
5358,16.500
5359,16.700
5360,16.800
5361,16.400
5362,16.800
5363,16.700
5364,16.700
5365,16.500
5366,16.700
5367,16.800
5368,16.600
5369,16.700
5370,16.700
5371,16.700
5372,16.500
5373,16.700
5374,16.600
5375,16.900
5376,16.500
5377,16.700
5378,16.700
5379,16.700
5380,16.600
5381,16.700
5382,16.700
5383,16.800
5384,16.600
5385,16.500
5386,16.700
5387,16.800
5388,16.600
5389,16.700
5390,16.600
5391,16.700
5392,16.600
5393,16.700
5394,16.700
5395,16.600
5396,16.700
5397,16.700
5398,16.600
5399,16.800
5400,16.700
5401,16.600
5402,16.600
5403,16.700
5404,16.700
5405,16.700
5406,16.600
5407,16.600
5408,16.700
5409,16.600
5410,16.700
5411,16.600
5412,16.800
5413,16.500
5414,16.800
5415,16.600
5416,16.800
5417,16.600
5418,16.600
5419,16.700
5420,16.800
5421,16.600
5422,16.700
5423,16.700
5424,16.500
5425,16.800
5426,16.800
5427,16.500
5428,16.600
5429,16.700
5430,16.600
5431,16.700
5432,16.800
5433,16.600
5434,16.800
5435,16.600
5436,16.700
5437,16.500
5438,16.600
5439,16.900
5440,16.600
5441,16.500
5442,16.800
5443,16.500
5444,16.900
5445,16.500
5446,16.600
5447,16.800
5448,16.600
5449,16.700
5450,16.700
5451,16.600
5452,16.700
5453,16.700
5454,16.600
5455,16.800
5456,16.600
5457,16.600
5458,16.800
5459,16.600
5460,16.700
5461,16.700
5462,16.600
5463,16.700
5464,16.600
5465,16.900
5466,16.500
5467,16.800
5468,16.600
5469,16.700
5470,16.600
5471,16.700
5472,16.600
5473,16.600
5474,16.700
5475,16.600
5476,16.700
5477,16.700
5478,16.700
5479,16.700
5480,16.600
5481,16.700
5482,16.700
5483,16.600
5484,16.700
5485,16.700
5486,16.500
5487,16.800
5488,16.800
5489,16.600
5490,16.600
5491,16.800
5492,16.600
5493,16.600
5494,16.800
5495,16.700
5496,16.500
5497,16.700
5498,16.800
5499,16.500
5500,16.800
5501,16.600
5502,16.800
5503,16.700
5504,16.500
5505,16.700
5506,16.600
5507,16.800
5508,16.400
5509,16.800
5510,16.600
5511,16.700
5512,16.700
5513,16.600
5514,16.800
5515,16.600
5516,16.600
5517,16.700
5518,16.700
5519,16.700
5520,16.700
5521,16.700
5522,16.600
5523,16.600
5524,16.600
5525,16.700
5526,16.700
5527,16.700
5528,16.600
5529,16.600
5530,16.800
5531,16.700
5532,16.600
5533,16.900
5534,16.500
5535,16.700
5536,16.600
5537,16.800
5538,16.600
5539,16.600
5540,16.700
5541,16.700
5542,16.600
5543,16.700
5544,16.800
5545,16.600
5546,16.500
5547,16.700
5548,16.800
5549,16.600
5550,16.800
5551,16.500
5552,16.700
5553,16.500
5554,16.700
5555,16.800
5556,16.900
5557,16.600
5558,16.500
5559,16.700
5560,16.500
5561,16.900
5562,16.700
5563,16.600
5564,16.700
5565,16.800
5566,16.500
5567,16.600
5568,16.800
5569,16.600
5570,16.500
5571,16.700
5572,16.700
5573,16.700
5574,16.500
5575,17.000
5576,16.600
5577,16.500
5578,16.700
5579,16.800
5580,16.500
5581,16.600
5582,16.700
5583,16.700
5584,16.700
5585,16.700
5586,16.700
5587,16.600
5588,16.600
5589,16.800
5590,16.600
5591,16.600
5592,16.700
5593,16.800
5594,16.600
5595,16.700
5596,16.600
5597,16.800
5598,16.600
5599,16.600
5600,16.700
5601,16.600
5602,16.600
5603,16.800
5604,16.800
5605,16.500
5606,16.700
5607,16.700
5608,16.600
5609,16.700
5610,16.700
5611,16.700
5612,16.600
5613,16.700
5614,16.800
5615,16.600
5616,16.700
5617,16.700
5618,16.600
5619,16.600
5620,16.700
5621,16.700
5622,16.700
5623,16.600
5624,16.700
5625,16.600
5626,17.000
5627,16.400
5628,16.700
5629,16.700
5630,16.700
5631,16.600
5632,16.600
5633,16.700
5634,16.500
5635,16.800
5636,16.700
5637,16.600
5638,16.700
5639,16.800
5640,16.600
5641,16.600
5642,16.700
5643,16.700
5644,16.600
5645,16.600
5646,16.700
5647,16.900
5648,16.500
5649,16.800
5650,16.700
5651,16.500
5652,16.600
5653,16.700
5654,16.800
5655,16.500
5656,16.700
5657,16.800
5658,16.600
5659,16.600
5660,16.700
5661,16.600
5662,16.700
5663,16.700
5664,16.600
5665,16.700
5666,16.600
5667,16.700
5668,16.700
5669,16.700
5670,16.700
5671,16.700
5672,16.700
5673,16.400
5674,16.700
5675,16.800
5676,16.700
5677,16.700
5678,16.600
5679,16.600
5680,16.600
5681,16.800
5682,16.600
5683,16.700
5684,16.600
5685,16.700
5686,16.700
5687,16.600
5688,16.800
5689,16.700
5690,16.600
5691,16.800
5692,16.600
5693,16.600
5694,16.700
5695,16.700
5696,16.600
5697,16.700
5698,16.600
5699,16.800
5700,16.700
5701,16.500
5702,16.800
5703,16.600
5704,16.800
5705,16.500
5706,16.700
5707,16.600
5708,16.600
5709,16.800
5710,16.900
5711,16.400
5712,16.700
5713,16.600
5714,16.700
5715,16.600
5716,16.700
5717,16.600
5718,16.700
5719,16.700
5720,16.600
5721,16.800
5722,16.700
5723,16.700
5724,16.700
5725,16.600
5726,16.600
5727,16.800
5728,16.500
5729,16.800
5730,16.700
5731,16.500
5732,16.800
5733,16.500
5734,16.800
5735,16.600
5736,16.700
5737,16.700
5738,16.500
5739,16.900
5740,16.600
5741,16.700
5742,16.500
5743,16.700
5744,16.700
5745,17.000
5746,16.400
5747,16.600
5748,16.700
5749,16.600
5750,16.700
5751,16.700
5752,16.700
5753,16.700
5754,16.600
5755,16.700
5756,16.600
5757,16.600
5758,16.800
5759,16.700
5760,16.600
5761,16.700
5762,16.600
5763,16.700
5764,16.700
5765,16.800
5766,16.400
5767,16.800
5768,16.700
5769,16.600
5770,16.700
5771,16.700
5772,16.700
5773,16.600
5774,16.700
5775,16.700
5776,16.600
5777,16.600
5778,16.600
5779,16.800
5780,16.700
5781,16.600
5782,16.700
5783,16.800
5784,16.600
5785,16.500
5786,16.900
5787,16.600
5788,16.600
5789,16.700
5790,16.800
5791,16.600
5792,16.400
5793,16.800
5794,16.800
5795,16.700
5796,16.600
5797,16.700
5798,16.500
5799,16.800
5800,16.600
5801,16.600
5802,16.800
5803,16.700
5804,16.500
5805,16.800
5806,16.600
5807,16.600
5808,16.900
5809,16.400
5810,16.700
5811,16.700
5812,16.700
5813,16.600
5814,16.700
5815,16.800
5816,16.500
5817,16.700
5818,16.600
5819,16.700
5820,16.700
5821,16.900
5822,16.500
5823,16.700
5824,16.700
5825,16.600
5826,16.800
5827,16.600
5828,16.600
5829,16.700
5830,16.600
5831,16.700
5832,16.700
5833,16.700
5834,16.700
5835,16.500
5836,16.700
5837,16.600
5838,16.900
5839,16.600
5840,16.700
5841,16.500
5842,16.700
5843,16.600
5844,16.800
5845,16.600
5846,16.600
5847,16.700
5848,16.600
5849,16.800
5850,16.600
5851,16.800
5852,16.600
5853,16.600
5854,16.800
5855,16.600
5856,16.700
5857,16.600
5858,16.700
5859,16.700
5860,16.600
5861,16.800
5862,16.600
5863,16.700
5864,16.600
5865,16.600
5866,16.700
5867,16.700
5868,16.800
5869,16.600
5870,16.600
5871,16.600
5872,16.700
5873,16.700
5874,16.800
5875,16.500
5876,16.700
5877,16.600
5878,16.800
5879,16.600
5880,16.600
5881,16.800
5882,16.500
5883,16.800
5884,16.700
5885,16.700
5886,16.600
5887,16.600
5888,16.600
5889,16.800
5890,16.500
5891,16.800
5892,16.700
5893,16.900
5894,16.500
5895,16.600
5896,16.700
5897,16.700
5898,16.600
5899,16.700
5900,16.600
5901,16.800
5902,16.700
5903,16.600
5904,16.500
5905,16.700
5906,16.600
5907,16.800
5908,16.600
5909,16.700
5910,16.700
5911,16.800
5912,16.700
5913,16.500
5914,16.600
5915,16.700
5916,16.700
5917,16.700
5918,16.700
5919,16.700
5920,16.600
5921,16.800
5922,16.500
5923,16.800
5924,16.600
5925,16.700
5926,16.700
5927,16.500
5928,16.800
5929,16.700
5930,16.500
5931,16.700
5932,16.700
5933,16.700
5934,16.700
5935,16.600
5936,16.700
5937,16.600
5938,16.700
5939,16.600
5940,16.800
5941,16.600
5942,16.800
5943,16.600
5944,16.600
5945,16.600
5946,16.700
5947,16.800
5948,16.600
5949,16.600
5950,16.600
5951,16.800
5952,16.600
5953,16.700
5954,16.700
5955,16.700
5956,16.600
5957,16.700
5958,16.600
5959,16.700
5960,16.600
5961,16.700
5962,16.800
5963,16.500
5964,16.700
5965,16.700
5966,16.600
5967,16.900
5968,16.500
5969,16.800
5970,16.500
5971,16.600
5972,16.800
5973,16.800
5974,16.600
5975,16.700
5976,16.700
5977,16.500
5978,16.800
5979,16.700
5980,16.700
5981,16.500
5982,16.600
5983,16.800
5984,16.600
5985,16.700
5986,16.700
5987,16.700
5988,16.700
5989,16.700
5990,16.500
5991,16.700
5992,16.800
5993,16.500
5994,16.700
5995,16.700
5996,16.700
5997,16.700
5998,16.600
5999,16.500
6000,16.700
6001,16.800
6002,16.700
6003,16.600
6004,16.600
6005,16.700
6006,16.700
6007,16.700
6008,16.700
6009,16.700
6010,16.600
6011,16.700
6012,16.700
6013,16.600
6014,16.700
6015,16.500
6016,16.600
6017,16.800
6018,16.600
6019,16.800
6020,16.500
6021,16.900
6022,16.400
6023,16.900
6024,16.600
6025,16.600
6026,16.600
6027,16.800
6028,16.700
6029,16.600
6030,16.700
6031,16.700
6032,16.500
6033,16.800
6034,16.600
6035,16.700
6036,16.600
6037,16.800
6038,17.400
6039,15.900
6040,16.600
6041,16.700
6042,16.600
6043,16.800
6044,16.600
6045,16.800
6046,16.500
6047,16.700
6048,16.800
6049,16.700
6050,16.500
6051,16.700
6052,16.700
6053,16.700
6054,16.600
6055,16.800
6056,16.600
6057,16.600
6058,16.700
6059,16.700
6060,16.600
6061,16.700
6062,16.700
6063,16.500
6064,16.900
6065,16.600
6066,16.600
6067,16.700
6068,16.600
6069,16.800
6070,16.500
6071,16.700
6072,16.800
6073,16.600
6074,16.800
6075,16.500
6076,16.800
6077,16.500
6078,16.600
6079,16.700
6080,16.800
6081,16.600
6082,16.600
6083,16.700
6084,16.800
6085,16.600
6086,16.800
6087,16.600
6088,16.700
6089,16.800
6090,16.500
6091,16.500
6092,16.700
6093,16.700
6094,16.700
6095,16.700
6096,16.700
6097,16.700
6098,16.700
6099,16.500
6100,16.800
6101,16.700
6102,16.600
6103,16.600
6104,16.700
6105,16.600
6106,16.600
6107,16.700
6108,16.700
6109,16.800
6110,16.600
6111,16.700
6112,16.700
6113,16.600
6114,16.600
6115,16.700
6116,16.600
6117,16.800
6118,16.500
6119,16.800
6120,16.800
6121,16.600
6122,16.600
6123,16.600
6124,16.700
6125,16.700
6126,16.600
6127,16.800
6128,16.700
6129,16.600
6130,16.700
6131,16.700
6132,16.600
6133,16.600
6134,16.600
6135,16.700
6136,16.700
6137,16.700
6138,16.600
6139,16.600
6140,16.800
6141,16.700
6142,16.600
6143,16.900
6144,16.500
6145,16.600
6146,16.700
6147,16.600
6148,16.800
6149,16.500
6150,16.700
6151,16.700
6152,16.700
6153,16.800
6154,16.600
6155,16.500
6156,16.700
6157,16.700
6158,16.700
6159,16.700
6160,16.600
6161,16.800
6162,16.500
6163,16.700
6164,16.700
6165,16.700
6166,16.500
6167,16.900
6168,16.600
6169,16.700
6170,16.600
6171,16.600
6172,16.800
6173,16.700
6174,16.700
6175,16.600
6176,16.700
6177,16.500
6178,16.700
6179,16.800
6180,16.600
6181,16.700
6182,16.700
6183,16.600
6184,16.700
6185,16.600
6186,16.700
6187,16.600
6188,16.700
6189,16.600
6190,16.800
6191,16.600
6192,16.600
6193,16.700
6194,16.800
6195,16.500
6196,16.700
6197,16.900
6198,16.500
6199,16.600
6200,16.800
6201,16.600
6202,16.600
6203,16.700
6204,16.800
6205,16.600
6206,16.600
6207,16.700
6208,16.700
6209,16.700
6210,16.700
6211,16.600
6212,16.700
6213,16.600
6214,16.600
6215,16.700
6216,16.700
6217,16.600
6218,16.800
6219,16.700
6220,16.600
6221,16.700
6222,16.700
6223,16.600
6224,16.700
6225,16.600
6226,16.700
6227,16.600
6228,16.800
6229,16.600
6230,16.700
6231,16.600
6232,16.700
6233,16.700
6234,16.700
6235,16.600
6236,16.700
6237,16.600
6238,16.700
6239,16.600
6240,16.700
6241,16.600
6242,16.700
6243,16.700
6244,16.800
6245,16.600
6246,16.800
6247,16.600
6248,16.600
6249,16.600
6250,16.700
6251,16.700
6252,16.700
6253,16.600
6254,16.600
6255,16.700
6256,16.700
6257,16.600
6258,16.800
6259,16.600
6260,16.700
6261,16.800
6262,16.600
6263,16.600
6264,16.700
6265,16.700
6266,16.600
6267,16.600
6268,16.600
6269,16.700
6270,16.800
6271,16.600
6272,16.600
6273,16.800
6274,16.600
6275,16.600
6276,16.700
6277,16.600
6278,16.700
6279,16.800
6280,16.700
6281,16.700
6282,16.600
6283,16.600
6284,16.700
6285,16.500
6286,16.800
6287,16.600
6288,16.800
6289,16.700
6290,16.700
6291,16.500
6292,16.800
6293,16.700
6294,16.600
6295,16.700
6296,16.700
6297,16.500
6298,16.700
6299,16.700
6300,16.600
6301,16.800
6302,16.700
6303,16.500
6304,16.800
6305,16.800
6306,16.600
6307,16.500
6308,16.700
6309,16.800
6310,16.400
6311,17.000
6312,16.600
6313,16.700
6314,16.600
6315,16.600
6316,16.700
6317,16.700
6318,16.700
6319,16.600
6320,16.700
6321,16.700
6322,16.600
6323,16.600
6324,16.800
6325,16.600
6326,16.500
6327,16.700
6328,16.700
6329,16.600
6330,16.800
6331,16.700
6332,16.500
6333,16.700
6334,16.700
6335,16.800
6336,16.700
6337,16.600
6338,16.600
6339,16.700
6340,16.700
6341,16.600
6342,16.700
6343,16.700
6344,16.500
6345,16.700
6346,16.800
6347,16.700
6348,16.700
6349,16.700
6350,16.600
6351,16.700
6352,16.600
6353,16.600
6354,16.800
6355,16.600
6356,16.700
6357,16.600
6358,16.700
6359,16.700
6360,16.600
6361,16.700
6362,16.600
6363,16.800
6364,16.600
6365,16.700
6366,16.600
6367,16.700
6368,16.700
6369,16.600
6370,16.600
6371,16.600
6372,16.800
6373,16.700
6374,16.800
6375,16.500
6376,16.700
6377,16.700
6378,16.700
6379,16.600
6380,16.600
6381,16.700
6382,16.600
6383,16.700
6384,16.800
6385,16.700
6386,16.600
6387,16.700
6388,16.800
6389,16.400
6390,16.700
6391,16.700
6392,16.600
6393,16.700
6394,16.600
6395,16.700
6396,16.700
6397,16.700
6398,16.700
6399,16.700
6400,16.700
6401,16.700
6402,16.600
6403,16.700
6404,16.600
6405,16.600
6406,16.600
6407,16.700
6408,16.800
6409,16.600
6410,16.600
6411,16.700
6412,16.700
6413,16.800
6414,16.600
6415,16.600
6416,16.700
6417,16.700
6418,16.700
6419,16.600
6420,16.500
6421,16.800
6422,16.700
6423,16.600
6424,16.600
6425,16.800
6426,16.600
6427,16.700
6428,16.600
6429,16.700
6430,16.800
6431,16.600
6432,16.800
6433,16.600
6434,16.800
6435,16.600
6436,16.600
6437,16.600
6438,16.600
6439,16.700
6440,16.700
6441,16.600
6442,16.800
6443,16.600
6444,16.700
6445,16.600
6446,16.800
6447,16.500
6448,16.600
6449,16.800
6450,16.600
6451,16.700
6452,16.800
6453,16.600
6454,16.600
6455,16.600
6456,16.800
6457,16.600
6458,16.600
6459,16.800
6460,16.800
6461,16.600
6462,16.600
6463,16.800
6464,16.400
6465,16.800
6466,16.800
6467,16.400
6468,16.700
6469,16.800
6470,16.700
6471,16.500
6472,16.800
6473,16.700
6474,16.800
6475,16.400
6476,16.700
6477,16.600
6478,16.700
6479,16.800
6480,16.600
6481,16.700
6482,16.700
6483,16.600
6484,16.700
6485,16.700
6486,16.600
6487,16.700
6488,16.700
6489,16.600
6490,16.800
6491,16.600
6492,16.600
6493,16.600
6494,16.700
6495,16.700
6496,16.800
6497,16.600
6498,16.700
6499,16.600
6500,16.600
6501,16.700
6502,16.600
6503,16.700
6504,16.700
6505,16.700
6506,16.600
6507,16.600
6508,16.700
6509,16.700
6510,16.700
6511,16.700
6512,16.600
6513,16.700
6514,16.700
6515,16.600
6516,16.700
6517,16.600
6518,16.700
6519,16.600
6520,16.800
6521,16.800
6522,16.500
6523,16.700
6524,16.600
6525,16.800
6526,16.700
6527,16.700
6528,16.600
6529,16.400
6530,16.900
6531,16.500
6532,16.800
6533,16.700
6534,16.700
6535,16.700
6536,16.700
6537,16.500
6538,16.800
6539,16.500
6540,16.700
6541,16.700
6542,16.600
6543,16.700
6544,16.600
6545,16.800
6546,16.600
6547,16.900
6548,16.600
6549,16.800
6550,16.300
6551,16.800
6552,16.700
6553,16.500
6554,16.700
6555,16.700
6556,16.700
6557,16.600
6558,16.700
6559,16.700
6560,16.700
6561,16.700
6562,16.700
6563,16.600
6564,16.600
6565,16.700
6566,16.800
6567,16.500
6568,16.700
6569,16.700
6570,16.700
6571,16.600
6572,16.600
6573,16.700
6574,16.700
6575,16.700
6576,16.700
6577,16.600
6578,16.700
6579,16.600
6580,16.700
6581,16.600
6582,16.900
6583,16.700
6584,16.600
6585,16.600
6586,16.600
6587,16.700
6588,16.600
6589,16.700
6590,16.800
6591,16.700
6592,16.500
6593,16.800
6594,16.700
6595,16.600
6596,16.700
6597,16.800
6598,16.400
6599,16.800
6600,16.700
6601,16.500
6602,16.800
6603,16.700
6604,16.500
6605,16.800
6606,16.600
6607,16.700
6608,16.700
6609,16.600
6610,16.700
6611,16.700
6612,16.700
6613,16.700
6614,16.600
6615,16.600
6616,16.900
6617,16.500
6618,16.600
6619,16.600
6620,16.700
6621,16.700
6622,16.700
6623,16.700
6624,16.500
6625,16.900
6626,16.400
6627,16.900
6628,16.500
6629,16.700
6630,16.700
6631,16.700
6632,16.600
6633,16.700
6634,16.600
6635,16.800
6636,16.800
6637,16.500
6638,16.700
6639,16.600
6640,16.600
6641,16.800
6642,16.700
6643,16.600
6644,16.700
6645,16.600
6646,16.700
6647,16.700
6648,16.500
6649,16.700
6650,16.700
6651,16.700
6652,16.700
6653,16.600
6654,16.800
6655,16.700
6656,16.600
6657,16.700
6658,16.700
6659,16.600
6660,16.600
6661,16.600
6662,16.700
6663,16.700
6664,16.600
6665,16.700
6666,16.700
6667,16.600
6668,16.800
6669,16.500
6670,16.800
6671,16.700
6672,16.700
6673,16.600
6674,16.700
6675,16.700
6676,16.600
6677,16.700
6678,16.600
6679,16.600
6680,16.700
6681,16.700
6682,16.700
6683,16.600
6684,16.700
6685,16.900
6686,16.500
6687,16.600
6688,16.600
6689,16.900
6690,16.700
6691,16.600
6692,16.800
6693,16.400
6694,16.700
6695,16.700
6696,16.700
6697,16.600
6698,16.700
6699,16.700
6700,16.700
6701,16.600
6702,16.500
6703,16.900
6704,16.600
6705,16.800
6706,16.500
6707,16.800
6708,16.700
6709,16.500
6710,16.600
6711,16.700
6712,16.700
6713,16.600
6714,16.700
6715,16.800
6716,16.600
6717,16.700
6718,16.800
6719,16.600
6720,16.600
6721,16.800
6722,16.600
6723,16.600
6724,16.600
6725,16.700
6726,16.700
6727,16.600
6728,16.700
6729,16.600
6730,16.700
6731,16.700
6732,16.700
6733,16.600
6734,16.600
6735,16.800
6736,16.600
6737,16.800
6738,16.600
6739,16.600
6740,16.700
6741,16.700
6742,16.600
6743,16.700
6744,16.600
6745,16.800
6746,16.700
6747,16.600
6748,16.600
6749,16.700
6750,16.700
6751,16.600
6752,16.700
6753,16.700
6754,16.800
6755,16.600
6756,16.700
6757,16.700
6758,16.600
6759,16.600
6760,16.600
6761,16.700
6762,16.700
6763,16.700
6764,16.600
6765,16.800
6766,16.700
6767,16.600
6768,16.600
6769,16.700
6770,16.700
6771,16.600
6772,16.700
6773,16.500
6774,16.700
6775,16.700
6776,16.900
6777,16.400
6778,16.800
6779,16.600
6780,16.700
6781,16.600
6782,16.700
6783,16.700
6784,16.600
6785,16.700
6786,16.700
6787,16.600
6788,16.700
6789,16.700
6790,16.700
6791,16.600
6792,16.800
6793,16.600
6794,16.600
6795,16.600
6796,16.800
6797,16.600
6798,16.700
6799,16.600
6800,16.600
6801,16.800
6802,16.600
6803,16.700
6804,16.700
6805,16.700
6806,16.600
6807,16.700
6808,16.800
6809,16.600
6810,16.600
6811,16.600
6812,16.800
6813,16.600
6814,16.600
6815,16.600
6816,16.800
6817,16.800
6818,16.700
6819,16.700
6820,16.600
6821,16.700
6822,16.500
6823,16.700
6824,16.600
6825,16.700
6826,16.700
6827,16.700
6828,16.700
6829,16.600
6830,16.600
6831,16.700
6832,16.700
6833,16.700
6834,16.700
6835,16.600
6836,16.800
6837,16.600
6838,18.700
6839,14.500
6840,16.700
6841,16.700
6842,16.700
6843,16.600
6844,16.600
6845,16.800
6846,16.500
6847,16.800
6848,16.700
6849,16.600
6850,16.800
6851,16.600
6852,16.500
6853,16.900
6854,16.600
6855,16.600
6856,16.700
6857,16.600
6858,16.800
6859,16.700
6860,16.500
6861,16.700
6862,16.700
6863,16.700
6864,16.600
6865,16.600
6866,16.700
6867,16.700
6868,16.700
6869,16.700
6870,16.600
6871,16.700
6872,16.600
6873,16.800
6874,16.500
6875,16.800
6876,16.600
6877,16.700
6878,16.800
6879,16.600
6880,16.700
6881,16.600
6882,16.600
6883,16.600
6884,16.800
6885,16.800
6886,16.500
6887,16.700
6888,16.700
6889,16.700
6890,16.600
6891,16.800
6892,16.600
6893,16.600
6894,16.900
6895,16.400
6896,16.800
6897,16.600
6898,16.700
6899,16.700
6900,16.600
6901,16.800
6902,16.500
6903,16.700
6904,16.800
6905,16.700
6906,16.500
6907,16.700
6908,16.700
6909,16.700
6910,16.700
6911,16.600
6912,16.500
6913,16.800
6914,16.700
6915,16.600
6916,16.700
6917,16.500
6918,16.700
6919,16.800
6920,16.600
6921,16.600
6922,16.800
6923,16.700
6924,16.800
6925,16.600
6926,16.600
6927,16.500
6928,16.900
6929,16.500
6930,16.700
6931,16.600
6932,16.800
6933,16.600
6934,16.600
6935,16.700
6936,16.700
6937,16.800
6938,16.700
6939,16.500
6940,16.600
6941,16.700
6942,16.700
6943,16.800
6944,16.600
6945,16.500
6946,16.700
6947,16.900
6948,16.600
6949,16.500
6950,16.600
6951,16.900
6952,16.600
6953,16.600
6954,16.700
6955,16.600
6956,16.800
6957,16.700
6958,16.600
6959,16.800
6960,16.600
6961,16.600
6962,16.700
6963,16.800
6964,16.500
6965,16.800
6966,16.700
6967,16.400
6968,16.800
6969,16.500
6970,16.900
6971,16.500
6972,16.800
6973,16.600
6974,16.700
6975,16.600
6976,16.800
6977,16.600
6978,16.600
6979,16.700
6980,16.700
6981,16.800
6982,16.600
6983,16.600
6984,16.700
6985,16.600
6986,17.000
6987,16.300
6988,16.800
6989,16.600
6990,16.600
6991,16.700
6992,16.700
6993,16.700
6994,16.700
6995,16.500
6996,16.900
6997,16.400
6998,16.900
6999,16.600
7000,16.600
7001,16.800
7002,16.700
7003,16.500
7004,16.700
7005,16.800
7006,16.600
7007,16.600
7008,16.800
7009,16.600
7010,16.600
7011,16.700
7012,16.800
7013,16.400
7014,16.700
7015,16.700
7016,16.600
7017,16.800
7018,16.600
7019,16.700
7020,16.500
7021,16.800
7022,16.700
7023,16.700
7024,16.700
7025,16.600
7026,16.700
7027,16.600
7028,16.700
7029,16.600
7030,16.700
7031,16.700
7032,16.600
7033,16.700
7034,16.600
7035,16.700
7036,16.700
7037,16.700
7038,16.700
7039,16.700
7040,16.600
7041,16.800
7042,16.600
7043,16.700
7044,16.700
7045,16.700
7046,16.600
7047,16.500
7048,16.600
7049,16.800
7050,16.600
7051,16.800
7052,16.600
7053,16.700
7054,16.700
7055,16.600
7056,16.800
7057,19.500
7058,13.900
7059,16.500
7060,16.700
7061,16.700
7062,16.500
7063,16.700
7064,16.700
7065,16.700
7066,16.700
7067,16.700
7068,16.600
7069,16.600
7070,16.700
7071,16.700
7072,16.700
7073,16.600
7074,16.700
7075,16.600
7076,16.700
7077,16.700
7078,16.700
7079,16.600
7080,16.700
7081,16.700
7082,16.600
7083,16.700
7084,16.700
7085,16.600
7086,16.700
7087,16.800
7088,16.400
7089,16.800
7090,16.600
7091,16.900
7092,16.600
7093,16.500
7094,16.900
7095,16.700
7096,16.600
7097,16.600
7098,16.800
7099,16.600
7100,16.600
7101,16.700
7102,16.700
7103,16.600
7104,16.600
7105,16.800
7106,16.600
7107,16.600
7108,16.800
7109,16.600
7110,16.600
7111,16.700
7112,16.600
7113,16.700
7114,16.600
7115,16.700
7116,16.700
7117,16.700
7118,16.700
7119,16.600
7120,16.700
7121,16.800
7122,16.600
7123,16.700
7124,16.600
7125,16.700
7126,16.700
7127,16.500
7128,16.800
7129,16.700
7130,16.500
7131,16.700
7132,16.700
7133,16.700
7134,16.600
7135,16.600
7136,16.800
7137,16.600
7138,16.600
7139,16.700
7140,16.700
7141,16.700
7142,16.700
7143,16.800
7144,16.600
7145,16.600
7146,16.700
7147,16.800
7148,16.400
7149,16.700
7150,16.700
7151,16.700
7152,16.700
7153,16.600
7154,16.600
7155,16.700
7156,16.600
7157,16.800
7158,16.500
7159,16.900
7160,16.600
7161,16.600
7162,16.700
7163,16.700
7164,16.700
7165,16.700
7166,16.600
7167,16.800
7168,16.600
7169,16.700
7170,16.600
7171,16.600
7172,16.700
7173,16.600
7174,16.700
7175,16.700
7176,16.700
7177,16.700
7178,16.600
7179,16.800
7180,16.800
7181,16.500
7182,16.700
7183,16.600
7184,16.800
7185,16.400
7186,16.800
7187,16.600
7188,16.700
7189,16.600
7190,16.700
7191,16.600
7192,16.800
7193,16.600
7194,16.800
7195,16.500
7196,16.800
7197,16.500
7198,16.600
7199,16.900
7200,16.600
7201,16.600
7202,16.800
7203,16.600
7204,16.600
7205,16.800
7206,16.600
7207,16.600
7208,16.600
7209,16.800
7210,16.700
7211,16.600
7212,16.800
7213,16.600
7214,16.800
7215,16.600
7216,16.700
7217,16.600
7218,16.700
7219,16.600
7220,16.700
7221,16.600
7222,16.900
7223,16.600
7224,16.500
7225,16.600
7226,16.800
7227,16.600
7228,16.700
7229,16.600
7230,16.600
7231,16.800
7232,16.600
7233,16.700
7234,17.000
7235,16.400
7236,16.600
7237,16.700
7238,16.500
7239,16.800
7240,16.700
7241,16.700
7242,16.700
7243,16.600
7244,16.600
7245,16.800
7246,16.800
7247,16.500
7248,16.700
7249,16.600
7250,16.700
7251,16.600
7252,16.800
7253,16.600
7254,16.600
7255,16.800
7256,16.500
7257,16.600
7258,16.800
7259,16.800
7260,16.500
7261,16.800
7262,16.600
7263,16.600
7264,16.700
7265,16.700
7266,16.700
7267,16.700
7268,16.500
7269,16.800
7270,16.900
7271,16.300
7272,16.700
7273,16.800
7274,16.700
7275,16.700
7276,16.600
7277,16.700
7278,16.600
7279,16.700
7280,16.600
7281,16.600
7282,16.600
7283,16.700
7284,16.800
7285,16.600
7286,16.700
7287,16.600
7288,16.700
7289,16.900
7290,16.600
7291,16.700
7292,16.500
7293,16.700
7294,16.500
7295,16.700
7296,16.700
7297,16.800
7298,16.600
7299,16.700
7300,16.700
7301,16.600
7302,16.600
7303,16.700
7304,16.700
7305,16.600
7306,16.800
7307,16.600
7308,16.700
7309,16.700
7310,16.600
7311,16.700
7312,16.700
7313,16.600
7314,16.700
7315,16.800
7316,16.500
7317,16.600
7318,16.700
7319,16.600
7320,16.800
7321,16.700
7322,16.600
7323,16.600
7324,16.800
7325,16.600
7326,16.700
7327,17.100
7328,16.300
7329,16.600
7330,17.000
7331,16.200
7332,16.800
7333,16.500
7334,16.800
7335,16.700
7336,16.600
7337,16.800
7338,16.500
7339,16.700
7340,16.600
7341,17.000
7342,16.600
7343,16.400
7344,16.900
7345,16.600
7346,16.500
7347,16.700
7348,16.700
7349,16.800
7350,16.700
7351,16.600
7352,16.600
7353,16.800
7354,16.600
7355,16.600
7356,16.700
7357,16.700
7358,16.600
7359,16.700
7360,16.600
7361,16.800
7362,16.500
7363,16.700
7364,16.800
7365,16.600
7366,16.700
7367,16.800
7368,16.700
7369,16.700
7370,16.500
7371,16.500
7372,16.900
7373,16.600
7374,16.700
7375,16.600
7376,16.600
7377,16.600
7378,16.700
7379,16.600
7380,16.700
7381,16.800
7382,16.600
7383,16.800
7384,16.600
7385,16.600
7386,16.800
7387,16.600
7388,16.700
7389,16.700
7390,16.800
7391,16.600
7392,16.600
7393,16.700
7394,16.500
7395,16.800
7396,16.700
7397,16.500
7398,17.000
7399,16.500
7400,16.600
7401,16.500
7402,16.900
7403,16.600
7404,16.600
7405,16.700
7406,16.600
7407,16.700
7408,16.900
7409,16.600
7410,16.600
7411,16.800
7412,16.500
7413,16.600
7414,16.700
7415,16.600
7416,16.700
7417,16.700
7418,16.600
7419,16.700
7420,16.600
7421,16.800
7422,16.600
7423,16.900
7424,16.700
7425,16.600
7426,16.500
7427,16.800
7428,16.600
7429,16.600
7430,16.700
7431,16.600
7432,16.800
7433,16.700
7434,16.600
7435,16.800
7436,16.600
7437,16.500
7438,16.800
7439,16.500
7440,16.800
7441,17.000
7442,16.200
7443,16.800
7444,16.700
7445,16.600
7446,16.800
7447,16.500
7448,16.700
7449,16.700
7450,16.600
7451,16.700
7452,16.700
7453,16.600
7454,16.700
7455,16.600
7456,16.800
7457,16.600
7458,16.700
7459,16.700
7460,16.500
7461,16.800
7462,16.600
7463,16.700
7464,16.700
7465,16.600
7466,16.700
7467,16.700
7468,16.600
7469,16.700
7470,16.700
7471,16.800
7472,16.500
7473,16.800
7474,16.500
7475,16.600
7476,16.900
7477,16.400
7478,16.700
7479,16.800
7480,16.700
7481,16.600
7482,16.700
7483,16.700
7484,16.700
7485,16.600
7486,16.600
7487,16.800
7488,16.600
7489,16.700
7490,16.600
7491,16.900
7492,16.600
7493,16.700
7494,16.700
7495,16.600
7496,16.500
7497,16.700
7498,16.600
7499,16.700
7500,16.600
7501,16.700
7502,16.700
7503,16.800
7504,16.800
7505,16.500
7506,16.600
7507,16.700
7508,16.700
7509,16.500
7510,17.000
7511,16.500
7512,16.800
7513,16.400
7514,16.700
7515,16.800
7516,16.500
7517,16.700
7518,16.700
7519,16.800
7520,16.600
7521,16.600
7522,16.800
7523,16.600
7524,16.700
7525,16.800
7526,16.500
7527,16.600
7528,16.700
7529,16.600
7530,16.700
7531,16.700
7532,16.800
7533,16.500
7534,16.700
7535,16.600
7536,16.700
7537,16.700
7538,16.600
7539,16.700
7540,17.000
7541,16.400
7542,17.000
7543,16.400
7544,16.500
7545,16.700
7546,16.800
7547,16.600
7548,16.700
7549,16.800
7550,16.500
7551,16.700
7552,16.600
7553,16.900
7554,16.500
7555,17.500
7556,15.800
7557,16.600
7558,16.800
7559,16.600
7560,16.600
7561,16.800
7562,16.600
7563,16.500
7564,16.900
7565,16.500
7566,16.700
7567,16.600
7568,16.800
7569,16.800
7570,16.600
7571,16.600
7572,16.700
7573,16.800
7574,16.500
7575,16.600
7576,16.600
7577,16.800
7578,16.700
7579,16.700
7580,16.600
7581,16.700
7582,16.600
7583,16.700
7584,16.800
7585,16.500
7586,16.900
7587,16.500
7588,16.600
7589,16.700
7590,16.600
7591,16.700
7592,16.800
7593,16.600
7594,16.700
7595,16.600
7596,16.600
7597,16.600
7598,16.800
7599,16.600
7600,16.600
7601,16.900
7602,16.600
7603,17.900
7604,15.500
7605,16.600
7606,18.300
7607,15.100
7608,16.500
7609,16.800
7610,16.600
7611,16.700
7612,16.600
7613,16.800
7614,16.600
7615,16.600
7616,16.800
7617,16.600
7618,16.600
7619,16.700
7620,16.700
7621,16.600
7622,16.800
7623,16.500
7624,16.700
7625,16.700
7626,16.600
7627,16.800
7628,16.700
7629,16.700
7630,16.700
7631,16.700
7632,16.600
7633,16.500
7634,16.700
7635,16.700
7636,16.800
7637,16.600
7638,16.700
7639,16.600
7640,16.700
7641,16.800
7642,16.500
7643,16.700
7644,16.700
7645,16.600
7646,16.600
7647,16.800
7648,18.300
7649,15.000
7650,16.700
7651,16.700
7652,16.500
7653,16.600
7654,16.700
7655,16.700
7656,16.700
7657,16.700
7658,16.700
7659,16.800
7660,17.300
7661,16.000
7662,16.400
7663,16.700
7664,16.800
7665,16.600
7666,16.900
7667,16.500
7668,16.800
7669,16.500
7670,16.800
7671,16.700
7672,16.500
7673,16.700
7674,16.600
7675,16.700
7676,16.700
7677,16.600
7678,16.600
7679,16.800
7680,16.600
7681,16.700
7682,16.600
7683,16.800
7684,17.400
7685,15.900
7686,16.700
7687,17.800
7688,15.400
7689,16.700
7690,16.700
7691,16.600
7692,16.600
7693,16.700
7694,16.900
7695,16.400
7696,16.700
7697,16.800
7698,16.500
7699,16.800
7700,16.600
7701,16.700
7702,16.700
7703,16.600
7704,16.700
7705,16.800
7706,16.600
7707,16.600
7708,16.700
7709,16.600
7710,16.800
7711,16.500
7712,16.800
7713,16.600
7714,16.800
7715,16.600
7716,16.700
7717,16.600
7718,16.900
7719,16.600
7720,16.600
7721,16.500
7722,16.700
7723,16.700
7724,16.700
7725,16.600
7726,18.400
7727,15.000
7728,16.700
7729,16.500
7730,16.800
7731,16.600
7732,16.700
7733,16.700
7734,16.600
7735,16.800
7736,16.700
7737,16.600
7738,16.800
7739,16.500
7740,16.700
7741,16.700
7742,16.800
7743,16.500
7744,16.700
7745,16.700
7746,16.600
7747,16.600
7748,16.700
7749,16.700
7750,16.900
7751,16.400
7752,16.800
7753,16.700
7754,16.500
7755,16.600
7756,16.700
7757,16.600
7758,16.800
7759,16.700
7760,16.800
7761,16.500
7762,17.100
7763,16.200
7764,16.700
7765,16.900
7766,16.400
7767,16.800
7768,18.200
7769,15.000
7770,16.900
7771,16.400
7772,16.600
7773,16.800
7774,16.700
7775,16.800
7776,16.500
7777,16.700
7778,16.700
7779,16.700
7780,16.600
7781,16.600
7782,16.700
7783,16.700
7784,16.600
7785,16.700
7786,16.800
7787,16.400
7788,16.800
7789,16.700
7790,16.700
7791,16.900
7792,16.500
7793,16.600
7794,16.700
7795,16.500
7796,16.700
7797,16.600
7798,16.700
7799,16.800
7800,16.600
7801,16.600
7802,16.700
7803,16.600
7804,16.700
7805,16.800
7806,16.700
7807,16.600
7808,16.700
7809,16.600
7810,16.700
7811,16.600
7812,16.700
7813,16.500
7814,16.900
7815,16.700
7816,16.500
7817,16.700
7818,16.600
7819,16.700
7820,16.800
7821,16.600
7822,16.700
7823,16.700
7824,16.600
7825,16.800
7826,16.500
7827,16.600
7828,16.800
7829,16.900
7830,16.400
7831,16.700
7832,16.700
7833,16.500
7834,16.800
7835,16.600
7836,16.900
7837,16.500
7838,16.800
7839,16.500
7840,16.600
7841,16.700
7842,16.800
7843,16.600
7844,16.600
7845,16.800
7846,16.500
7847,16.700
7848,16.700
7849,16.600
7850,16.700
7851,16.700
7852,16.700
7853,16.600
7854,16.700
7855,17.700
7856,15.700
7857,16.700
7858,17.800
7859,15.400
7860,16.600
7861,16.800
7862,16.700
7863,16.500
7864,17.000
7865,16.400
7866,16.700
7867,16.900
7868,16.500
7869,16.600
7870,17.200
7871,16.100
7872,16.700
7873,16.800
7874,16.500
7875,16.700
7876,16.700
7877,16.700
7878,16.700
7879,16.500
7880,16.700
7881,16.800
7882,16.500
7883,16.800
7884,16.700
7885,16.600
7886,16.700
7887,16.600
7888,16.700
7889,16.800
7890,16.600
7891,16.500
7892,16.800
7893,16.600
7894,16.700
7895,16.600
7896,16.800
7897,16.500
7898,16.800
7899,16.800
7900,16.500
7901,16.700
7902,16.700
7903,16.700
7904,16.600
7905,16.700
7906,16.600
7907,16.600
7908,16.800
7909,16.800
7910,16.500
7911,16.600
7912,16.700
7913,16.600
7914,16.700
7915,16.700
7916,16.700
7917,16.700
7918,16.700
7919,16.800
7920,16.500
7921,16.700
7922,16.600
7923,16.600
7924,16.700
7925,16.700
7926,16.800
7927,16.500
7928,16.700
7929,16.800
7930,16.600
7931,16.600
7932,16.700
7933,16.600
7934,16.700
7935,16.600
7936,18.300
7937,15.100
7938,16.700
7939,16.600
7940,16.600
7941,16.800
7942,16.600
7943,16.900
7944,16.600
7945,16.500
7946,16.600
7947,16.700
7948,16.700
7949,16.700
7950,16.600
7951,17.700
7952,15.700
7953,16.600
7954,17.700
7955,15.700
7956,16.700
7957,18.300
7958,15.000
7959,16.700
7960,16.600
7961,16.700
7962,16.800
7963,16.500
7964,16.800
7965,16.600
7966,16.600
7967,16.800
7968,16.700
7969,16.500
7970,16.900
7971,16.600
7972,16.800
7973,16.500
7974,16.600
7975,16.900
7976,16.500
7977,16.600
7978,16.600
7979,16.900
7980,16.500
7981,16.800
7982,16.600
7983,16.600
7984,17.000
7985,16.400
7986,16.700
7987,16.800
7988,16.400
7989,16.700
7990,16.700
7991,16.600
7992,16.600
7993,16.800
7994,16.600
7995,16.800
7996,16.500
7997,16.700
7998,16.700
7999,17.500
8000,15.800
8001,16.800
8002,16.500
8003,16.600
8004,16.800
8005,16.700
8006,16.600
8007,16.600
8008,16.700
8009,16.700
8010,16.900
8011,16.400
8012,16.900
8013,16.500
8014,16.700
8015,16.800
8016,16.600
8017,16.700
8018,16.600
8019,16.700
8020,17.000
8021,16.200
8022,16.700
8023,17.600
8024,15.800
8025,16.800
8026,17.500
8027,15.700
8028,16.600
8029,16.700
8030,16.700
8031,16.600
8032,16.600
8033,16.800
8034,16.600
8035,16.600
8036,16.800
8037,16.500
8038,16.800
8039,16.800
8040,16.600
8041,16.600
8042,16.600
8043,16.600
8044,16.700
8045,16.700
8046,16.800
8047,16.900
8048,16.300
8049,16.700
8050,17.000
8051,16.300
8052,16.700
8053,16.700
8054,16.700
8055,16.700
8056,16.800
8057,16.500
8058,16.700
8059,16.700
8060,16.500
8061,16.800
8062,17.100
8063,16.200
8064,16.600
8065,17.900
8066,15.500
8067,16.700
8068,16.700
8069,16.600
8070,16.700
8071,17.800
8072,15.500
8073,16.700
8074,17.700
8075,15.700
8076,16.600
8077,17.000
8078,16.400
8079,16.600
8080,16.600
8081,16.700
8082,16.600
8083,16.800
8084,16.600
8085,16.600
8086,17.000
8087,16.400
8088,16.700
8089,17.400
8090,15.900
8091,16.700
8092,16.900
8093,16.400
8094,16.600
8095,16.700
8096,16.700
8097,16.800
8098,16.600
8099,16.700
8100,16.600
8101,18.300
8102,15.100
8103,16.600
8104,16.600
8105,16.700
8106,16.700
8107,17.600
8108,15.700
8109,16.700
8110,17.500
8111,15.800
8112,16.700
8113,16.600
8114,16.700
8115,16.700
8116,16.900
8117,16.400
8118,16.800
8119,16.700
8120,16.400
8121,16.800
8122,16.600
8123,16.700
8124,16.700
8125,16.800
8126,16.500
8127,16.800
8128,16.700
8129,16.500
8130,16.700
8131,17.600
8132,15.800
8133,16.600
8134,16.600
8135,16.700
8136,16.800
8137,16.600
8138,16.700
8139,16.700
8140,16.500
8141,16.800
8142,16.700
8143,16.500
8144,16.800
8145,16.700
8146,16.700
8147,16.600
8148,16.600
8149,16.700
8150,16.700
8151,16.700
8152,16.600
8153,16.800
8154,16.500
8155,16.700
8156,16.800
8157,16.500
8158,16.800
8159,16.500
8160,16.800
8161,16.700
8162,16.700
8163,16.500
8164,16.900
8165,16.500
8166,16.700
8167,17.500
8168,16.000
8169,16.500
8170,16.700
8171,16.500
8172,16.700
8173,16.700
8174,16.600
8175,16.800
8176,16.600
8177,16.700
8178,16.700
8179,16.600
8180,16.600
8181,16.700
8182,16.700
8183,16.800
8184,16.600
8185,17.100
8186,16.200
8187,16.600
8188,17.400
8189,16.000
8190,16.700
8191,16.600
8192,16.700
8193,16.600
8194,17.000
8195,16.400
8196,16.600
8197,16.700
8198,16.700
8199,16.700
8200,16.800
8201,16.500
8202,16.600
8203,17.200
8204,16.100
8205,16.700
8206,16.700
8207,16.700
8208,16.700
8209,16.600
8210,16.700
8211,16.700
8212,16.600
8213,16.700
8214,16.700
8215,16.700
8216,16.500
8217,16.700
8218,16.600
8219,16.900
8220,16.600
8221,16.600
8222,16.800
8223,16.700
8224,16.500
8225,16.800
8226,16.600
8227,16.700
8228,16.500
8229,16.900
8230,16.600
8231,16.600
8232,16.800
8233,16.600
8234,16.700
8235,16.600
8236,16.700
8237,16.700
8238,16.500
8239,16.800
8240,16.500
8241,16.900
8242,16.500
8243,16.900
8244,16.500
8245,16.600
8246,16.900
8247,16.500
8248,16.600
8249,16.900
8250,16.600
8251,16.800
8252,16.400
8253,16.700
8254,16.800
8255,16.600
8256,16.700
8257,16.600
8258,16.500
8259,16.800
8260,16.600
8261,16.700
8262,16.600
8263,16.700
8264,17.000
8265,16.400
8266,16.600
8267,16.800
8268,16.700
8269,16.500
8270,16.800
8271,16.700
8272,16.500
8273,16.800
8274,16.600
8275,17.300
8276,16.100
8277,16.600
8278,17.200
8279,16.200
8280,16.600
8281,17.600
8282,15.800
8283,16.800
8284,17.400
8285,15.900
8286,16.500
8287,16.700
8288,16.700
8289,16.700
8290,16.600
8291,16.700
8292,16.600
8293,16.700
8294,16.700
8295,16.800
8296,17.800
8297,15.600
8298,16.600
8299,17.200
8300,16.000
8301,16.600
8302,16.600
8303,16.700
8304,16.900
8305,16.500
8306,16.800
8307,16.500
8308,16.600
8309,16.800
8310,16.800
8311,16.500
8312,16.600
8313,16.700
8314,16.700
8315,16.800
8316,16.500
8317,16.700
8318,16.700
8319,16.600
8320,16.600
8321,16.800
8322,16.700
8323,16.700
8324,16.600
8325,16.700
8326,16.600
8327,16.700
8328,16.900
8329,16.300
8330,16.800
8331,16.600
8332,16.700
8333,16.800
8334,16.500
8335,16.700
8336,16.800
8337,16.600
8338,16.700
8339,16.700
8340,16.700
8341,16.500
8342,16.700
8343,16.600
8344,16.600
8345,17.100
8346,16.400
8347,16.600
8348,16.600
8349,16.700
8350,16.800
8351,16.600
8352,16.700
8353,16.700
8354,16.600
8355,16.900
8356,16.400
8357,16.900
8358,16.600
8359,16.500
8360,16.700
8361,16.600
8362,16.700
8363,16.700
8364,16.800
8365,16.600
8366,16.600
8367,16.800
8368,16.500
8369,16.700
8370,16.700
8371,16.700
8372,16.600
8373,16.600
8374,16.800
8375,16.700
8376,16.700
8377,16.800
8378,16.600
8379,16.600
8380,16.600
8381,16.700
8382,16.700
8383,16.700
8384,16.600
8385,16.600
8386,16.800
8387,16.600
8388,16.700
8389,16.600
8390,16.600
8391,16.800
8392,16.600
8393,16.800
8394,16.600
8395,16.700
8396,16.600
8397,16.700
8398,16.600
8399,16.700
8400,16.800
8401,16.400
8402,16.800
8403,16.500
8404,17.000
8405,16.500
8406,16.800
8407,16.400
8408,16.700
8409,16.700
8410,16.600
8411,16.700
8412,16.800
8413,17.900
8414,15.400
8415,16.600
8416,17.100
8417,16.300
8418,16.600
8419,16.700
8420,16.600
8421,16.700
8422,16.800
8423,16.700
8424,16.600
8425,16.500
8426,16.800
8427,16.700
8428,16.600
8429,16.700
8430,16.600
8431,17.000
8432,16.500
8433,16.400
8434,16.700
8435,16.800
8436,16.700
8437,16.500
8438,16.900
8439,16.700
8440,16.600
8441,16.600
8442,16.700
8443,16.600
8444,16.600
8445,16.800
8446,16.600
8447,16.700
8448,16.600
8449,16.800
8450,16.700
8451,16.700
8452,16.600
8453,16.800
8454,16.600
8455,17.300
8456,16.000
8457,16.500
8458,16.700
8459,16.700
8460,16.600
8461,16.600
8462,16.800
8463,16.600
8464,16.800
8465,16.600
8466,16.600
8467,16.700
8468,16.800
8469,16.600
8470,17.000
8471,16.300
8472,16.700
8473,16.600
8474,16.600
8475,16.800
8476,16.700
8477,16.600
8478,16.600
8479,16.900
8480,16.500
8481,16.700
8482,16.800
8483,16.500
8484,16.600
8485,16.600
8486,16.800
8487,16.600
8488,16.700
8489,16.800
8490,16.500
8491,16.700
8492,16.600
8493,16.800
8494,16.700
8495,16.600
8496,16.700
8497,16.600
8498,16.600
8499,16.800
8500,16.600
8501,16.700
8502,16.600
8503,16.700
8504,16.800
8505,16.600
8506,16.700
8507,16.500
8508,16.800
8509,16.600
8510,16.700
8511,16.600
8512,16.800
8513,16.700
8514,16.600
8515,16.600
8516,16.700
8517,16.600
8518,16.700
8519,16.700
8520,16.600
8521,16.700
8522,16.700
8523,16.900
8524,16.500
8525,16.600
8526,16.600
8527,16.800
8528,16.700
8529,16.700
8530,16.500
8531,16.700
8532,16.600
8533,16.900
8534,16.500
8535,16.800
8536,17.300
8537,16.000
8538,16.500
8539,16.800
8540,16.600
8541,16.800
8542,16.600
8543,16.900
8544,16.500
8545,16.600
8546,16.700
8547,16.600
8548,16.700
8549,16.800
8550,16.600
8551,17.100
8552,16.200
8553,16.600
8554,16.700
8555,16.700
8556,16.700
8557,16.600
8558,16.700
8559,16.700
8560,16.500
8561,16.800
8562,16.600
8563,17.000
8564,16.400
8565,16.700
8566,16.600
8567,16.700
8568,16.700
8569,16.800
8570,16.600
8571,16.400
8572,16.900
8573,16.700
8574,16.600
8575,16.500
8576,16.800
8577,16.800
8578,16.500
8579,16.900
8580,16.500
8581,16.700
8582,16.500
8583,16.800
8584,16.700
8585,16.500
8586,16.800
8587,16.600
8588,16.700
8589,16.600
8590,16.700
8591,16.600
8592,16.700
8593,16.700
8594,16.500
8595,17.100
8596,16.400
8597,16.800
8598,16.600
8599,16.600
8600,16.700
8601,16.600
8602,16.700
8603,16.700
8604,16.800
8605,16.400
8606,16.800
8607,16.700
8608,17.500
8609,15.700
8610,16.800
8611,17.200
8612,16.000
8613,16.700
8614,16.700
8615,16.800
8616,16.600
8617,16.500
8618,16.900
8619,16.700
8620,16.700
8621,16.500
8622,16.600
8623,16.600
8624,16.700
8625,16.800
8626,16.700
8627,16.600
8628,16.700
8629,16.600
8630,16.700
8631,16.700
8632,16.700
8633,16.700
8634,16.700
8635,16.500
8636,16.700
8637,16.600
8638,16.700
8639,16.700
8640,16.800
8641,16.500
8642,16.700
8643,16.700
8644,16.600
8645,16.800
8646,16.600
8647,16.700
8648,16.600
8649,16.700
8650,16.600
8651,16.700
8652,16.700
8653,16.500
8654,16.800
8655,16.600
8656,17.300
8657,16.300
8658,16.500
8659,16.700
8660,16.700
8661,16.600
8662,16.600
8663,16.800
8664,16.600
8665,16.600
8666,16.800
8667,16.600
8668,16.700
8669,16.800
8670,16.600
8671,16.600
8672,16.700
8673,16.700
8674,16.600
8675,16.600
8676,16.800
8677,16.600
8678,16.700
8679,16.700
8680,16.600
8681,16.600
8682,16.700
8683,16.600
8684,16.800
8685,16.600
8686,16.600
8687,16.800
8688,16.700
8689,16.500
8690,16.700
8691,16.800
8692,16.500
8693,16.800
8694,16.600
8695,16.700
8696,16.700
8697,16.700
8698,16.600
8699,16.500
8700,16.800
8701,16.700
8702,16.700
8703,16.600
8704,16.800
8705,16.600
8706,16.700
8707,16.900
8708,16.500
8709,16.600
8710,16.600
8711,16.600
8712,16.800
8713,16.600
8714,16.700
8715,16.600
8716,16.800
8717,16.600
8718,16.700
8719,16.500
8720,16.800
8721,16.700
8722,16.600
8723,16.700
8724,16.700
8725,16.500
8726,16.700
8727,16.600
8728,16.900
8729,16.700
8730,16.500
8731,16.700
8732,16.600
8733,16.800
8734,16.600
8735,16.700
8736,16.700
8737,16.700
8738,16.600
8739,16.600
8740,16.700
8741,16.700
8742,16.600
8743,16.700
8744,16.700
8745,16.700
8746,16.600
8747,16.700
8748,16.800
8749,16.500
8750,16.600
8751,16.700
8752,16.800
8753,16.600
8754,16.700
8755,16.500
8756,16.800
8757,16.600
8758,16.700
8759,16.700
8760,16.600
8761,16.700
8762,16.600
8763,16.800
8764,16.700
8765,16.700
8766,16.600
8767,16.600
8768,16.700
8769,16.700
8770,16.500
8771,16.800
8772,16.600
8773,16.700
8774,16.700
8775,16.600
8776,16.700
8777,16.700
8778,16.700
8779,16.600
8780,16.800
8781,16.500
8782,16.800
8783,16.500
8784,16.700
8785,16.800
8786,16.600
8787,16.700
8788,16.600
8789,16.600
8790,16.800
8791,16.600
8792,16.700
8793,16.800
8794,16.700
8795,16.500
8796,16.700
8797,16.600
8798,16.800
8799,16.700
8800,16.600
8801,16.600
8802,16.600
8803,16.700
8804,16.700
8805,16.700
8806,16.600
8807,16.800
8808,16.500
8809,16.800
8810,16.700
8811,16.700
8812,16.700
8813,16.600
8814,16.700
8815,16.600
8816,16.600
8817,16.700
8818,16.600
8819,16.800
8820,16.600
8821,16.800
8822,16.500
8823,16.600
8824,16.800
8825,16.800
8826,16.500
8827,17.700
8828,15.600
8829,16.700
8830,16.600
8831,16.800
8832,16.600
8833,16.700
8834,16.700
8835,16.700
8836,16.600
8837,16.700
8838,16.700
8839,16.800
8840,16.400
8841,16.700
8842,16.600
8843,16.800
8844,16.600
8845,16.600
8846,16.600
8847,16.700
8848,16.700
8849,16.700
8850,16.800
8851,17.200
8852,16.000
8853,16.700
8854,16.700
8855,16.600
8856,16.700
8857,16.600
8858,16.700
8859,16.600
8860,17.900
8861,15.500
8862,16.700
8863,16.700
8864,16.700
8865,16.700
8866,16.600
8867,16.700
8868,16.700
8869,16.600
8870,16.700
8871,16.600
8872,16.800
8873,16.600
8874,16.600
8875,16.600
8876,16.800
8877,16.700
8878,16.500
8879,16.800
8880,16.600
8881,16.800
8882,16.700
8883,16.500
8884,16.700
8885,16.600
8886,16.800
8887,16.500
8888,16.700
8889,16.700
8890,17.300
8891,16.000
8892,16.700
8893,16.700
8894,16.600
8895,16.800
8896,16.600
8897,16.700
8898,16.600
8899,16.700
8900,16.800
8901,16.600
8902,16.600
8903,16.700
8904,16.600
8905,16.700
8906,16.700
8907,16.600
8908,16.900
8909,16.500
8910,16.700
8911,16.700
8912,16.800
8913,16.500
8914,16.600
8915,16.600
8916,16.800
8917,16.600
8918,16.700
8919,16.800
8920,16.500
8921,16.800
8922,16.500
8923,16.800
8924,16.700
8925,16.800
8926,16.400
8927,16.700
8928,16.600
8929,16.700
8930,17.100
8931,16.400
8932,16.600
8933,16.700
8934,16.700
8935,16.500
8936,16.700
8937,16.700
8938,16.500
8939,17.000
8940,16.500
8941,16.800
8942,16.500
8943,16.700
8944,16.700
8945,16.600
8946,16.700
8947,16.700
8948,16.700
8949,16.600
8950,16.900
8951,16.500
8952,16.700
8953,17.100
8954,16.000
8955,16.900
8956,17.200
8957,16.000
8958,16.600
8959,16.800
8960,16.600
8961,16.800
8962,17.000
8963,16.300
8964,16.600
8965,16.600
8966,16.700
8967,16.700
8968,16.700
8969,16.700
8970,16.700
8971,16.600
8972,16.700
8973,16.600
8974,16.700
8975,16.700
8976,16.600
8977,16.800
8978,16.600
8979,16.700
8980,16.700
8981,16.400
8982,16.800
8983,16.700
8984,16.600
8985,16.700
8986,16.600
8987,16.800
8988,16.600
8989,16.600
8990,16.800
8991,16.600
8992,17.800
8993,15.400
8994,16.800
8995,16.700
8996,16.700
8997,16.600
8998,16.700
8999,16.700
9000,16.700
9001,17.500
9002,15.700
9003,16.700
9004,16.800
9005,16.700
9006,16.600
9007,16.600
9008,16.800
9009,16.500
9010,16.700
9011,16.600
9012,16.700
9013,16.700
9014,16.600
9015,16.700
9016,17.800
9017,15.500
9018,16.800
9019,16.700
9020,16.600
9021,16.600
9022,16.700
9023,16.700
9024,16.600
9025,16.800
9026,16.600
9027,16.500
9028,16.700
9029,16.800
9030,16.600
9031,16.600
9032,16.800
9033,16.500
9034,16.800
9035,16.700
9036,16.600
9037,16.700
9038,16.700
9039,16.600
9040,16.700
9041,16.700
9042,16.600
9043,16.800
9044,16.600
9045,16.600
9046,16.700
9047,16.800
9048,16.500
9049,16.800
9050,16.600
9051,16.600
9052,16.700
9053,16.600
9054,16.800
9055,16.800
9056,16.500
9057,16.700
9058,16.600
9059,16.600
9060,16.600
9061,16.800
9062,16.900
9063,16.500
9064,16.500
9065,16.800
9066,16.600
9067,16.700
9068,16.800
9069,16.700
9070,16.500
9071,16.600
9072,16.700
9073,16.800
9074,16.600
9075,16.600
9076,16.600
9077,16.700
9078,16.700
9079,16.700
9080,16.800
9081,16.600
9082,16.700
9083,16.500
9084,16.800
9085,16.700
9086,16.700
9087,16.700
9088,16.600
9089,16.700
9090,16.500
9091,17.000
9092,16.400
9093,16.600
9094,16.800
9095,16.800
9096,16.500
9097,16.700
9098,16.600
9099,16.600
9100,16.700
9101,16.800
9102,16.600
9103,16.600
9104,16.800
9105,16.600
9106,16.700
9107,16.700
9108,16.600
9109,16.700
9110,16.600
9111,16.800
9112,16.500
9113,16.600
9114,16.800
9115,16.700
9116,16.500
9117,16.700
9118,16.700
9119,16.800
9120,16.700
9121,16.700
9122,16.700
9123,16.500
9124,16.600
9125,16.700
9126,17.000
9127,16.500
9128,16.600
9129,16.800
9130,17.400
9131,15.700
9132,16.800
9133,16.500
9134,16.900
9135,16.600
9136,16.600
9137,16.600
9138,16.700
9139,16.700
9140,16.800
9141,16.500
9142,16.600
9143,16.800
9144,16.700
9145,16.700
9146,16.500
9147,16.700
9148,16.700
9149,16.500
9150,16.800
9151,16.700
9152,16.700
9153,16.600
9154,16.600
9155,16.800
9156,16.700
9157,16.600
9158,16.600
9159,16.700
9160,16.700
9161,16.500
9162,16.700
9163,16.800
9164,16.600
9165,16.800
9166,16.500
9167,16.800
9168,16.700
9169,16.600
9170,16.700
9171,16.700
9172,16.600
9173,16.700
9174,16.800
9175,16.500
9176,16.700
9177,16.700
9178,16.500
9179,16.700
9180,16.700
9181,16.700
9182,16.700
9183,16.700
9184,16.600
9185,16.700
9186,16.600
9187,16.800
9188,16.600
9189,16.700
9190,16.600
9191,16.700
9192,17.000
9193,16.300
9194,16.800
9195,16.500
9196,16.800
9197,16.500
9198,16.700
9199,16.700
9200,16.900
9201,16.500
9202,16.700
9203,16.500
9204,17.000
9205,16.700
9206,16.400
9207,16.600
9208,16.700
9209,16.700
9210,16.700
9211,16.600
9212,16.700
9213,16.700
9214,16.700
9215,16.900
9216,16.500
9217,16.600
9218,16.600
9219,16.700
9220,16.700
9221,16.500
9222,16.800
9223,16.600
9224,16.700
9225,16.600
9226,16.800
9227,16.700
9228,16.700
9229,16.600
9230,16.700
9231,16.600
9232,16.600
9233,16.800
9234,16.600
9235,16.700
9236,16.700
9237,16.700
9238,16.700
9239,16.500
9240,16.800
9241,16.600
9242,16.700
9243,16.600
9244,16.700
9245,16.700
9246,16.600
9247,16.700
9248,16.600
9249,16.800
9250,16.600
9251,16.700
9252,16.700
9253,16.800
9254,16.500
9255,16.600
9256,17.200
9257,16.200
9258,16.800
9259,16.700
9260,16.600
9261,16.500
9262,16.800
9263,16.600
9264,16.600
9265,16.600
9266,16.700
9267,16.700
9268,16.600
9269,16.700
9270,16.800
9271,16.500
9272,16.700
9273,16.800
9274,16.500
9275,16.800
9276,16.700
9277,16.500
9278,16.700
9279,16.700
9280,16.600
9281,16.700
9282,16.700
9283,16.800
9284,16.600
9285,16.500
9286,16.800
9287,16.600
9288,16.700
9289,16.700
9290,16.700
9291,16.600
9292,16.900
9293,16.400
9294,16.800
9295,16.600
9296,16.700
9297,16.600
9298,16.700
9299,16.800
9300,16.400
9301,16.800
9302,16.800
9303,16.700
9304,16.600
9305,16.700
9306,16.600
9307,16.700
9308,16.600
9309,16.700
9310,16.700
9311,16.600
9312,16.800
9313,16.400
9314,17.000
9315,16.700
9316,16.500
9317,16.800
9318,16.500
9319,16.700
9320,16.500
9321,16.800
9322,16.700
9323,16.700
9324,16.700
9325,16.600
9326,16.800
9327,16.500
9328,16.700
9329,16.700
9330,16.600
9331,16.600
9332,16.700
9333,16.600
9334,17.100
9335,16.400
9336,16.600
9337,17.800
9338,15.500
9339,16.600
9340,16.800
9341,16.600
9342,16.700
9343,16.700
9344,16.600
9345,16.700
9346,16.700
9347,16.600
9348,16.800
9349,16.600
9350,16.700
9351,16.600
9352,16.600
9353,16.800
9354,16.600
9355,16.700
9356,16.900
9357,16.400
9358,16.600
9359,16.600
9360,16.700
9361,16.700
9362,16.700
9363,16.700
9364,16.600
9365,16.700
9366,16.600
9367,16.600
9368,16.800
9369,16.700
9370,16.600
9371,16.600
9372,16.700
9373,16.600
9374,16.700
9375,16.800
9376,16.600
9377,16.700
9378,16.600
9379,16.700
9380,16.700
9381,16.600
9382,16.700
9383,16.600
9384,16.800
9385,16.600
9386,16.800
9387,16.600
9388,16.700
9389,16.800
9390,16.600
9391,16.600
9392,16.800
9393,16.500
9394,16.800
9395,16.700
9396,16.600
9397,17.300
9398,16.000
9399,16.700
9400,16.700
9401,16.700
9402,16.600
9403,16.500
9404,16.800
9405,16.600
9406,16.700
9407,16.700
9408,16.700
9409,16.600
9410,16.800
9411,16.500
9412,16.700
9413,16.800
9414,16.600
9415,16.700
9416,16.600
9417,16.700
9418,16.500
9419,16.700
9420,16.700
9421,16.600
9422,16.800
9423,16.700
9424,16.700
9425,16.700
9426,16.400
9427,16.800
9428,16.800
9429,16.800
9430,16.400
9431,16.800
9432,16.600
9433,16.500
9434,16.700
9435,17.000
9436,16.500
9437,16.700
9438,16.400
9439,16.800
9440,16.600
9441,16.800
9442,16.700
9443,16.600
9444,16.800
9445,16.600
9446,16.700
9447,16.500
9448,16.700
9449,16.600
9450,16.700
9451,16.600
9452,16.700
9453,16.700
9454,16.600
9455,16.800
9456,16.600
9457,16.700
9458,16.600
9459,16.800
9460,16.500
9461,16.800
9462,16.600
9463,16.700
9464,16.700
9465,16.700
9466,16.600
9467,16.600
9468,16.800
9469,16.700
9470,16.600
9471,16.800
9472,16.500
9473,16.900
9474,16.500
9475,16.700
9476,16.600
9477,16.700
9478,16.600
9479,16.600
9480,16.600
9481,16.800
9482,16.700
9483,16.700
9484,17.000
9485,16.400
9486,16.600
9487,16.800
9488,16.600
9489,16.600
9490,16.700
9491,16.600
9492,16.800
9493,16.400
9494,16.800
9495,16.700
9496,16.500
9497,16.700
9498,16.700
9499,16.700
9500,16.900
9501,16.400
9502,16.900
9503,16.600
9504,16.900
9505,16.500
9506,16.600
9507,16.600
9508,16.700
9509,16.700
9510,16.600
9511,16.600
9512,16.800
9513,16.700
9514,16.600
9515,16.600
9516,16.700
9517,16.700
9518,16.600
9519,16.700
9520,16.600
9521,16.700
9522,16.700
9523,16.600
9524,16.700
9525,16.700
9526,16.700
9527,16.700
9528,16.700
9529,16.600
9530,16.600
9531,16.700
9532,16.700
9533,16.600
9534,16.700
9535,16.700
9536,16.700
9537,16.600
9538,16.600
9539,16.900
9540,16.600
9541,16.700
9542,16.600
9543,16.600
9544,16.700
9545,16.800
9546,16.700
9547,16.500
9548,16.900
9549,16.400
9550,16.600
9551,16.700
9552,16.800
9553,16.700
9554,16.500
9555,16.700
9556,16.700
9557,16.600
9558,16.700
9559,16.800
9560,16.700
9561,16.600
9562,16.700
9563,16.500
9564,16.700
9565,16.600
9566,16.700
9567,16.700
9568,16.700
9569,16.800
9570,16.600
9571,16.500
9572,16.800
9573,16.600
9574,16.700
9575,16.700
9576,16.600
9577,16.800
9578,16.500
9579,16.700
9580,16.700
9581,16.700
9582,16.700
9583,16.700
9584,16.700
9585,16.800
9586,16.400
9587,16.800
9588,16.600
9589,16.600
9590,16.800
9591,16.600
9592,16.500
9593,16.800
9594,16.900
9595,16.500
9596,16.600
9597,16.800
9598,16.600
9599,16.700
9600,16.500
9601,16.600
9602,16.800
9603,16.600
9604,16.700
9605,16.600
9606,16.700
9607,16.700
9608,16.600
9609,16.700
9610,16.800
9611,16.600
9612,16.600
9613,16.600
9614,16.800
9615,16.700
9616,16.700
9617,16.700
9618,16.900
9619,16.400
9620,16.600
9621,16.700
9622,16.500
9623,16.900
9624,16.600
9625,16.600
9626,16.700
9627,16.600
9628,16.700
9629,16.700
9630,16.700
9631,16.600
9632,16.800
9633,16.600
9634,17.300
9635,16.000
9636,16.700
9637,16.700
9638,16.600
9639,16.800
9640,16.700
9641,16.500
9642,16.700
9643,16.600
9644,17.000
9645,16.400
9646,16.800
9647,16.600
9648,16.500
9649,17.000
9650,16.400
9651,16.600
9652,16.800
9653,16.600
9654,16.700
9655,16.700
9656,16.600
9657,16.700
9658,16.700
9659,16.600
9660,16.600
9661,17.200
9662,16.200
9663,16.700
9664,16.700
9665,16.600
9666,16.700
9667,16.800
9668,16.700
9669,16.500
9670,16.600
9671,16.800
9672,16.600
9673,16.600
9674,16.800
9675,16.600
9676,16.900
9677,16.600
9678,16.500
9679,16.700
9680,16.600
9681,16.700
9682,16.600
9683,16.900
9684,16.400
9685,16.900
9686,16.600
9687,16.600
9688,16.600
9689,16.700
9690,16.900
9691,16.600
9692,16.600
9693,16.600
9694,16.700
9695,16.700
9696,16.600
9697,17.000
9698,16.300
9699,16.800
9700,16.600
9701,16.700
9702,16.700
9703,16.700
9704,16.700
9705,16.900
9706,16.300
9707,16.700
9708,16.600
9709,16.700
9710,16.700
9711,16.700
9712,16.500
9713,16.700
9714,16.700
9715,16.600
9716,16.800
9717,16.600
9718,16.700
9719,16.800
9720,16.600
9721,16.600
9722,16.700
9723,16.700
9724,16.600
9725,16.700
9726,16.600
9727,16.700
9728,16.700
9729,16.600
9730,16.700
9731,16.800
9732,16.400
9733,16.700
9734,16.900
9735,16.500
9736,16.700
9737,16.700
9738,16.700
9739,16.600
9740,16.600
9741,16.800
9742,16.700
9743,16.700
9744,16.600
9745,16.600
9746,16.600
9747,16.700
9748,16.700
9749,16.700
9750,16.500
9751,16.700
9752,16.800
9753,16.700
9754,16.700
9755,16.700
9756,16.600
9757,16.500
9758,16.800
9759,16.900
9760,16.300
9761,16.800
9762,16.700
9763,16.500
9764,16.800
9765,16.700
9766,16.700
9767,16.700
9768,16.600
9769,16.500
9770,16.800
9771,16.600
9772,16.700
9773,17.300
9774,16.100
9775,16.500
9776,16.700
9777,16.800
9778,16.600
9779,16.700
9780,16.600
9781,16.700
9782,16.800
9783,16.600
9784,16.600
9785,16.700
9786,16.700
9787,16.700
9788,16.700
9789,16.600
9790,16.800
9791,16.500
9792,16.800
9793,16.500
9794,16.800
9795,16.500
9796,16.600
9797,16.700
9798,16.700
9799,16.600
9800,16.700
9801,16.700
9802,16.600
9803,16.800
9804,16.700
9805,16.700
9806,16.700
9807,16.600
9808,16.700
9809,16.500
9810,16.700
9811,16.700
9812,16.700
9813,16.600
9814,16.800
9815,16.600
9816,16.900
9817,16.400
9818,16.700
9819,16.600
9820,16.900
9821,16.400
9822,16.800
9823,16.700
9824,16.700
9825,16.600
9826,16.800
9827,16.500
9828,16.800
9829,16.700
9830,16.500
9831,16.800
9832,16.600
9833,16.700
9834,16.600
9835,16.600
9836,16.800
9837,16.700
9838,16.700
9839,16.700
9840,16.600
9841,16.500
9842,16.700
9843,16.700
9844,16.700
9845,16.700
9846,16.600
9847,16.600
9848,16.800
9849,16.500
9850,16.700
9851,16.700
9852,16.800
9853,16.500
9854,16.800
9855,16.700
9856,16.700
9857,16.500
9858,16.700
9859,16.700
9860,16.600
9861,16.700
9862,16.700
9863,16.600
9864,16.700
9865,16.700
9866,16.700
9867,16.600
9868,16.700
9869,16.800
9870,16.500
9871,16.700
9872,16.800
9873,16.400
9874,16.700
9875,16.700
9876,16.600
9877,16.800
9878,16.700
9879,16.500
9880,16.800
9881,16.500
9882,16.900
9883,16.600
9884,16.800
9885,16.500
9886,16.700
9887,16.700
9888,16.500
9889,16.800
9890,16.600
9891,16.700
9892,16.600
9893,16.800
9894,16.600
9895,16.600
9896,16.800
9897,16.500
9898,16.700
9899,16.900
9900,16.600
9901,16.800
9902,16.600
9903,16.600
9904,16.600
9905,16.600
9906,16.600
9907,16.800
9908,16.800
9909,16.500
9910,16.800
9911,16.500
9912,16.700
9913,16.600
9914,16.700
9915,16.800
9916,16.700
9917,16.600
9918,16.700
9919,16.500
9920,16.800
9921,16.600
9922,16.800
9923,16.600
9924,16.700
9925,16.600
9926,16.700
9927,16.500
9928,16.800
9929,16.700
9930,16.600
9931,16.700
9932,16.600
9933,16.800
9934,16.600
9935,16.700
9936,16.700
9937,16.600
9938,16.700
9939,16.600
9940,16.600
9941,16.700
9942,16.900
9943,16.600
9944,16.500
9945,16.700
9946,16.900
9947,16.400
9948,16.700
9949,16.800
9950,16.600
9951,16.800
9952,16.500
9953,16.700
9954,16.700
9955,16.700
9956,16.700
9957,16.600
9958,16.700
9959,16.600
9960,16.800
9961,16.600
9962,16.600
9963,16.600
9964,16.700
9965,16.800
9966,16.600
9967,16.500
9968,16.800
9969,16.600
9970,16.600
9971,16.800
9972,16.800
9973,16.600
9974,16.700
9975,16.600
9976,16.800
9977,16.500
9978,16.700
9979,16.600
9980,16.700
9981,16.600
9982,16.800
9983,16.600
9984,16.800
9985,16.500
9986,16.600
9987,16.700
9988,16.800
9989,16.600
9990,16.700
9991,16.700
9992,16.700
9993,16.600
9994,16.700
9995,16.700
9996,16.600
9997,16.800
9998,16.600
9999,16.700
10000,16.500
10001,16.700
10002,16.800
10003,16.600
10004,16.700
10005,16.600
10006,16.700
10007,16.800
10008,16.600
10009,16.600
10010,16.600
10011,16.700
10012,16.700
10013,16.600
10014,16.700
10015,16.700
10016,16.600
10017,16.800
10018,16.600
10019,16.700
10020,16.600
10021,16.600
10022,16.800
10023,16.600
10024,16.700
10025,16.600
10026,16.600
10027,16.800
10028,16.600
10029,16.800
10030,16.700
10031,16.500
10032,16.800
10033,16.600
10034,16.600
10035,16.800
10036,16.600
10037,16.700
10038,16.600
10039,16.800
10040,16.600
10041,16.600
10042,16.700
10043,16.800
10044,16.700
10045,16.500
10046,16.800
10047,16.600
10048,16.700
10049,16.600
10050,16.800
10051,16.400
10052,16.800
10053,16.500
10054,16.800
10055,16.700
10056,16.800
10057,16.600
10058,16.700
10059,16.500
10060,16.700
10061,16.600
10062,16.800
10063,16.600
10064,16.700
10065,16.700
10066,16.900
10067,16.300
10068,16.800
10069,16.600
10070,16.700
10071,16.700
10072,16.700
10073,16.700
10074,16.500
10075,16.600
10076,16.800
10077,16.600
10078,16.700
10079,16.700
10080,16.700
10081,16.600
10082,16.700
10083,16.500
10084,16.800
10085,16.700
10086,16.600
10087,16.700
10088,16.700
10089,16.500
10090,16.800
10091,16.700
10092,16.700
10093,16.700
10094,16.600
10095,16.700
10096,16.700
10097,16.500
10098,16.700
10099,16.700
10100,16.600
10101,16.900
10102,16.500
10103,17.000
10104,16.400
10105,16.700
10106,16.600
10107,16.600
10108,16.700
10109,16.700
10110,16.800
10111,16.600
10112,16.700
10113,16.600
10114,16.700
10115,16.600
10116,16.700
10117,16.800
10118,16.500
10119,16.700
10120,16.600
10121,16.700
10122,16.700
10123,16.800
10124,16.500
10125,16.600
10126,16.700
10127,16.800
10128,16.600
10129,16.600
10130,16.700
10131,16.800
10132,16.600
10133,16.600
10134,16.800
10135,16.700
10136,16.600
10137,16.600
10138,16.700
10139,16.700
10140,16.700
10141,16.600
10142,16.700
10143,16.600
10144,17.000
10145,16.400
10146,16.900
10147,16.500
10148,16.600
10149,16.600
10150,16.800
10151,16.600
10152,16.600
10153,16.600
10154,16.600
10155,16.900
10156,16.600
10157,16.700
10158,16.700
10159,16.700
10160,16.700
10161,16.500
10162,16.900
10163,16.500
10164,16.700
10165,16.500
10166,16.800
10167,16.700
10168,16.700
10169,16.700
10170,16.600
10171,16.600
10172,16.900
10173,16.500
10174,16.700
10175,16.700
10176,16.600
10177,16.500
10178,16.800
10179,16.600
10180,16.600
10181,16.700
10182,16.800
10183,16.500
10184,16.700
10185,16.600
10186,16.800
10187,16.700
10188,16.600
10189,16.600
10190,16.800
10191,16.700
10192,16.600
10193,16.700
10194,16.600
10195,16.600
10196,16.800
10197,16.700
10198,16.600
10199,16.700
10200,16.600
10201,16.900
10202,16.500
10203,16.600
10204,16.700
10205,16.600
10206,16.700
10207,16.700
10208,16.700
10209,16.600
10210,16.700
10211,16.600
10212,16.700
10213,16.700
10214,16.700
10215,16.600
10216,16.600
10217,16.800
10218,16.800
10219,16.500
10220,16.700
10221,16.700
10222,16.700
10223,16.700
10224,16.700
10225,16.800
10226,16.400
10227,16.600
10228,16.800
10229,16.700
10230,16.500
10231,16.700
10232,16.700
10233,16.800
10234,16.600
10235,16.600
10236,16.600
10237,16.800
10238,16.700
10239,16.700
10240,16.500
10241,16.600
10242,16.700
10243,16.800
10244,16.500
10245,16.800
10246,16.500
10247,16.900
10248,16.600
10249,16.600
10250,16.600
10251,16.800
10252,16.600
10253,16.900
10254,16.600
10255,16.600
10256,16.600
10257,16.600
10258,16.700
10259,16.700
10260,16.800
10261,16.400
10262,16.900
10263,16.700
10264,16.500
10265,16.700
10266,16.700
10267,16.700
10268,16.700
10269,16.600
10270,16.600
10271,16.700
10272,16.700
10273,16.600
10274,16.600
10275,16.800
10276,16.700
10277,16.600
10278,16.700
10279,16.700
10280,16.700
10281,16.700
10282,16.700
10283,16.600
10284,16.500
10285,16.700
10286,16.800
10287,16.700
10288,16.500
10289,16.700
10290,16.700
10291,16.700
10292,16.500
10293,16.700
10294,16.800
10295,16.600
10296,16.700
10297,16.600
10298,16.800
10299,16.600
10300,16.600
10301,16.700
10302,16.700
10303,16.700
10304,16.700
10305,16.500
10306,16.800
10307,16.600
10308,16.700
10309,16.600
10310,16.900
10311,16.500
10312,16.600
10313,16.800
10314,16.500
10315,16.800
10316,16.700
10317,16.600
10318,16.700
10319,16.700
10320,16.600
10321,17.300
10322,16.100
10323,16.600
10324,16.700
10325,16.700
10326,16.600
10327,16.700
10328,16.700
10329,16.900
10330,16.500
10331,16.600
10332,16.600
10333,16.700
10334,16.800
10335,16.500
10336,16.800
10337,16.700
10338,16.700
10339,16.600
10340,16.700
10341,16.800
10342,17.000
10343,16.000
10344,16.700
10345,16.800
10346,16.700
10347,16.600
10348,16.600
10349,16.600
10350,16.900
10351,16.700
10352,16.500
10353,16.800
10354,16.500
10355,16.800
10356,16.600
10357,16.600
10358,16.700
10359,16.600
10360,16.600
10361,16.700
10362,16.700
10363,16.800
10364,16.600
10365,16.600
10366,16.700
10367,16.700
10368,16.600
10369,16.800
10370,16.500
10371,16.800
10372,16.600
10373,16.800
10374,16.500
10375,16.800
10376,16.600
10377,16.600
10378,16.900
10379,16.500
10380,16.700
10381,16.700
10382,16.700
10383,16.600
10384,16.800
10385,16.600
10386,16.700
10387,16.600
10388,16.600
10389,16.800
10390,16.500
10391,16.600
10392,16.700
10393,16.700
10394,16.700
10395,16.600
10396,16.900
10397,16.600
10398,16.600
10399,16.700
10400,16.700
10401,16.500
10402,16.700
10403,16.800
10404,16.700
10405,16.500
10406,16.900
10407,16.600
10408,21.300
10409,12.000
10410,16.600
10411,16.600
10412,16.600
10413,16.700
10414,16.800
10415,16.800
10416,16.400
10417,16.700
10418,16.700
10419,16.700
10420,16.600
10421,16.800
10422,16.800
10423,16.400
10424,16.800
10425,16.700
10426,16.600
10427,16.800
10428,16.700
10429,16.600
10430,16.600
10431,16.600
10432,16.600
10433,16.700
10434,16.900
10435,16.400
10436,16.900
10437,16.600
10438,16.700
10439,16.500
10440,16.700
10441,16.600
10442,16.700
10443,16.700
10444,16.700
10445,16.800
10446,16.400
10447,16.700
10448,16.800
10449,16.500
10450,16.700
10451,16.800
10452,16.600
10453,16.700
10454,16.700
10455,16.700
10456,16.600
10457,16.700
10458,16.600
10459,16.600
10460,16.800
10461,16.700
10462,16.600
10463,16.700
10464,16.600
10465,16.700
10466,16.600
10467,16.800
10468,16.600
10469,16.800
10470,16.500
10471,16.700
10472,16.600
10473,16.600
10474,16.900
10475,16.500
10476,16.800
10477,16.600
10478,16.700
10479,16.600
10480,16.600
10481,16.700
10482,16.700
10483,16.600
10484,16.800
10485,16.500
10486,16.700
10487,16.800
10488,16.700
10489,16.600
10490,16.700
10491,16.700
10492,16.600
10493,16.800
10494,16.600
10495,16.600
10496,16.700
10497,16.500
10498,16.900
10499,16.700
10500,16.700
10501,16.600
10502,16.600
10503,16.600
10504,16.600
10505,16.800
10506,16.600
10507,16.800
10508,16.600
10509,16.800
10510,16.500
10511,16.600
10512,16.800
10513,16.600
10514,16.600
10515,16.800
10516,16.500
10517,17.200
10518,16.300
10519,16.600
10520,16.700
10521,16.700
10522,16.700
10523,16.600
10524,16.500
10525,16.800
10526,16.600
10527,16.700
10528,16.700
10529,16.700
10530,16.500
10531,16.800
10532,16.800
10533,16.500
10534,16.700
10535,16.700
10536,16.600
10537,16.700
10538,16.700
10539,16.600
10540,16.600
10541,16.800
10542,16.600
10543,16.600
10544,16.900
10545,16.500
10546,16.700
10547,16.700
10548,16.500
10549,16.800
10550,16.800
10551,16.600
10552,16.500
10553,16.900
10554,16.600
10555,16.600
10556,16.600
10557,16.700
10558,16.700
10559,16.700
10560,16.700
10561,16.600
10562,16.700
10563,16.800
10564,16.500
10565,16.700
10566,16.700
10567,16.600
10568,16.700
10569,16.700
10570,16.600
10571,16.800
10572,16.600
10573,16.600
10574,16.600
10575,16.800
10576,16.600
10577,16.800
10578,16.600
10579,16.600
10580,16.700
10581,16.600
10582,16.800
10583,16.600
10584,16.600
10585,16.800
10586,16.600
10587,16.600
10588,16.700
10589,16.700
10590,16.800
10591,16.500
10592,16.700
10593,16.700
10594,16.600
10595,16.700
10596,16.600
10597,16.900
10598,16.600
10599,16.800
10600,16.400
10601,16.900
10602,16.700
10603,16.500
10604,16.600
10605,16.700
10606,16.600
10607,16.800
10608,16.600
10609,16.600
10610,16.700
10611,16.700
10612,16.600
10613,16.900
10614,16.600
10615,16.700
10616,16.600
10617,16.600
10618,16.600
10619,16.800
10620,16.600
10621,16.600
10622,16.800
10623,16.600
10624,16.700
10625,16.700
10626,16.600
10627,16.600
10628,16.800
10629,16.600
10630,16.700
10631,16.600
10632,16.700
10633,16.600
10634,16.700
10635,16.800
10636,16.600
10637,16.700
10638,16.700
10639,16.700
10640,16.600
10641,16.700
10642,16.600
10643,16.700
10644,16.700
10645,16.600
10646,16.700
10647,16.600
10648,16.600
10649,16.700
10650,16.800
10651,16.600
10652,16.700
10653,16.700
10654,16.600
10655,16.700
10656,16.600
10657,16.700
10658,16.700
10659,16.700
10660,16.600
10661,16.700
10662,16.700
10663,16.600
10664,16.700
10665,16.800
10666,16.400
10667,16.800
10668,16.800
10669,16.600
10670,16.700
10671,16.700
10672,16.600
10673,16.600
10674,16.800
10675,16.500
10676,16.600
10677,16.700
10678,16.800
10679,16.600
10680,16.700
10681,16.700
10682,16.600
10683,16.700
10684,16.700
10685,16.500
10686,16.900
10687,16.600
10688,16.600
10689,16.600
10690,16.600
10691,16.800
10692,16.700
10693,16.600
10694,16.700
10695,16.600
10696,16.800
10697,16.600
10698,16.700
10699,16.600
10700,16.700
10701,16.900
10702,16.500
10703,16.800
10704,16.600
10705,16.600
10706,16.700
10707,16.600
10708,16.700
10709,16.600
10710,16.700
10711,16.700
10712,16.600
10713,16.700
10714,16.700
10715,16.600
10716,16.600
10717,16.800
10718,16.700
10719,16.600
10720,16.600
10721,16.800
10722,16.600
10723,16.600
10724,16.600
10725,16.800
10726,16.500
10727,16.800
10728,16.700
10729,16.600
10730,16.700
10731,16.600
10732,16.700
10733,16.700
10734,16.700
10735,16.600
10736,16.800
10737,16.500
10738,16.700
10739,16.600
10740,17.000
10741,16.400
10742,16.600
10743,16.900
10744,16.600
10745,16.800
10746,16.500
10747,16.800
10748,16.600
10749,16.700
10750,16.700
10751,16.600
10752,16.700
10753,16.600
10754,16.800
10755,16.600
10756,16.700
10757,16.600
10758,16.600
10759,16.800
10760,16.500
10761,16.700
10762,16.900
10763,16.500
10764,16.600
10765,16.700
10766,16.700
10767,16.700
10768,16.700
10769,16.500
10770,16.800
10771,16.500
10772,16.800
10773,16.600
10774,16.700
10775,16.600
10776,16.600
10777,16.800
10778,16.700
10779,16.700
10780,16.500
10781,16.700
10782,16.800
10783,16.600
10784,16.800
10785,16.600
10786,16.600
10787,16.700
10788,16.500
10789,16.700
10790,16.800
10791,16.600
10792,16.700
10793,16.700
10794,16.600
10795,16.700
10796,16.600
10797,16.700